-- MySQL dump 10.13  Distrib 5.7.16, for Linux (armv7l)
--
-- Host: localhost    Database: seclib
-- ------------------------------------------------------
-- Server version	5.7.16-0ubuntu0.16.04.1

/*!40101 SET @OLD_CHARACTER_SET_CLIENT=@@CHARACTER_SET_CLIENT */;
/*!40101 SET @OLD_CHARACTER_SET_RESULTS=@@CHARACTER_SET_RESULTS */;
/*!40101 SET @OLD_COLLATION_CONNECTION=@@COLLATION_CONNECTION */;
/*!40101 SET NAMES utf8 */;
/*!40103 SET @OLD_TIME_ZONE=@@TIME_ZONE */;
/*!40103 SET TIME_ZONE='+00:00' */;
/*!40014 SET @OLD_UNIQUE_CHECKS=@@UNIQUE_CHECKS, UNIQUE_CHECKS=0 */;
/*!40014 SET @OLD_FOREIGN_KEY_CHECKS=@@FOREIGN_KEY_CHECKS, FOREIGN_KEY_CHECKS=0 */;
/*!40101 SET @OLD_SQL_MODE=@@SQL_MODE, SQL_MODE='NO_AUTO_VALUE_ON_ZERO' */;
/*!40111 SET @OLD_SQL_NOTES=@@SQL_NOTES, SQL_NOTES=0 */;

--
-- Table structure for table `accessLog`
--

DROP TABLE IF EXISTS `accessLog`;
/*!40101 SET @saved_cs_client     = @@character_set_client */;
/*!40101 SET character_set_client = utf8 */;
CREATE TABLE `accessLog` (
  `id` int(11) NOT NULL AUTO_INCREMENT,
  `timestamp` timestamp NULL DEFAULT CURRENT_TIMESTAMP,
  `ipModules_id` int(11) NOT NULL,
  `cardCode` varchar(255) DEFAULT NULL,
  `authenticated` tinyint(4) DEFAULT NULL,
  PRIMARY KEY (`id`),
  KEY `fk_accessLog_ipModules1_idx` (`ipModules_id`),
  CONSTRAINT `fk_accessLog_ipModules1` FOREIGN KEY (`ipModules_id`) REFERENCES `ipModule` (`id`) ON DELETE NO ACTION ON UPDATE NO ACTION
) ENGINE=InnoDB AUTO_INCREMENT=198 DEFAULT CHARSET=utf8;
/*!40101 SET character_set_client = @saved_cs_client */;

--
-- Dumping data for table `accessLog`
--

LOCK TABLES `accessLog` WRITE;
/*!40000 ALTER TABLE `accessLog` DISABLE KEYS */;
INSERT INTO `accessLog` VALUES (1,'2016-06-13 16:32:09',1,'67004a85a2',0),(3,'2016-06-13 16:51:50',1,'67004a957d',0),(5,'2016-06-13 16:51:58',1,'67004a957d',0),(7,'2016-06-13 16:52:08',2,'67004a957d',0),(9,'2016-06-13 16:53:20',2,'C5211130021\r',0),(11,'2016-06-13 16:53:38',1,'C5211130021\r',0),(13,'2016-06-13 16:53:45',1,'C5211130021\r',0),(15,'2016-06-13 16:53:51',1,'67004a957d',0),(17,'2016-06-13 16:54:07',2,'C5211130021\r',0),(19,'2016-06-13 16:56:15',2,'C5211130021\r',0),(21,'2016-06-13 16:56:17',2,'C5211130021\r',0),(23,'2016-06-13 16:56:33',2,'67004a957d',0),(25,'2016-06-13 16:56:41',1,'67004a957d',0),(27,'2016-06-13 16:56:49',1,'C5211130021\r',0),(29,'2016-06-13 16:57:41',1,'67004a957d',0),(31,'2016-06-13 16:57:47',1,'C5211130021\r',0),(33,'2016-06-13 17:45:14',3,'C5211130021\r',0),(35,'2016-06-13 17:45:14',3,'C5211130021\r',0),(37,'2016-06-13 17:45:14',3,'C5211130021\r',0),(39,'2016-06-13 17:45:15',3,'67004a957d',0),(41,'2016-06-13 17:45:15',3,'67004a957d',0),(43,'2016-06-13 17:45:16',3,'67004a957d',0),(45,'2016-06-13 17:45:16',3,'4003773075110\r',0),(47,'2016-06-13 17:45:17',3,'4003773075110\r',0),(49,'2016-06-13 17:45:17',3,'4003773075110\r',0),(51,'2016-06-13 17:45:17',3,'4003773075110\r',0),(53,'2016-06-13 17:45:19',3,'4003773075110\r',0),(55,'2016-06-13 17:45:19',3,'67004a85a2',0),(57,'2016-06-13 17:45:20',3,'67004a85a2',0),(59,'2016-06-13 17:46:27',3,'4003773075110\r',0),(61,'2016-06-13 17:46:29',3,'4003773075110\r',0),(63,'2016-06-13 17:46:31',3,'4003773075110\r',0),(65,'2016-06-13 17:46:34',3,'4003773075110\r',0),(67,'2016-06-13 17:46:38',3,'4003773075110\r',0),(69,'2016-06-13 17:46:48',3,'4003773075110\r',0),(71,'2016-06-13 17:47:01',3,'4003773075110\r',0),(73,'2016-06-13 17:47:08',3,'4003773075110\r',0),(75,'2016-06-13 17:47:25',3,'4003773075110\r',0),(77,'2016-06-13 17:47:30',3,'4003773075110\r',0),(79,'2016-06-13 17:47:32',3,'4003773075110\r',0),(81,'2016-06-13 17:47:37',3,'4003773075110\r',0),(83,'2016-06-13 17:47:39',3,'4003773075110\r',0),(85,'2016-06-13 17:47:44',3,'4003773075110\r',0),(87,'2016-06-13 17:49:10',3,'4003773075110\r',0),(89,'2016-06-13 17:51:05',3,'4003773075110\r',0),(91,'2016-06-13 17:51:06',3,'4003773075110\r',0),(93,'2016-06-13 17:51:06',3,'4003773075110\r',0),(95,'2016-06-13 17:51:07',3,'4003773075110\r',0),(97,'2016-06-13 17:51:07',3,'4003773075110\r',0),(99,'2016-06-13 17:51:08',3,'4003773075110\r',0),(101,'2016-06-13 17:51:26',3,'4003773075110\r',0),(103,'2016-06-13 17:51:30',3,'4003773075110\r',0),(105,'2016-06-13 17:51:33',3,'4003773075110\r',0),(107,'2016-06-13 17:51:36',3,'4003773075110\r',0),(109,'2016-06-13 17:51:37',3,'4003773075110\r',0),(111,'2016-06-13 17:51:47',3,'4003773075110\r',0),(113,'2016-06-13 17:51:54',3,'4003773075110\r',0),(115,'2016-06-13 17:53:20',3,'67004a85a2',0),(117,'2016-06-13 17:53:31',3,'67004a85a2',0),(119,'2016-06-13 17:54:40',3,'67004a85a2',0),(121,'2016-06-13 18:00:41',3,'4003773075110\r',0),(123,'2016-06-14 10:52:31',1,'4003773075110\r',0),(125,'2016-06-14 10:52:31',1,'67004a957d',0),(127,'2016-06-14 10:52:49',1,'67004a957d',0),(129,'2016-06-14 10:55:05',1,'67004A957D',1),(131,'2016-06-14 10:55:27',1,'67004A957D',1),(133,'2016-06-14 10:55:35',1,'67004A957D',1),(135,'2016-06-14 10:55:48',1,'67004A957D',1),(137,'2016-06-14 10:58:37',1,'67004A957D',1),(139,'2016-06-14 10:59:51',1,'67004A957D',1),(141,'2016-06-14 11:02:07',1,'67004A957D',1),(143,'2016-06-14 11:11:59',1,'67004A957D',1),(145,'2016-06-14 11:12:00',1,'67004A957D',1),(147,'2016-06-14 11:12:00',1,'67004A957D',1),(149,'2016-06-14 11:12:01',1,'67004A957D',1),(151,'2016-06-14 11:12:10',1,'67004A957D',1),(153,'2016-06-14 11:12:11',1,'67004A957D',1),(155,'2016-06-14 11:12:19',1,'67004A957D',1),(157,'2016-06-14 13:00:31',1,'67004A957D',1),(159,'2016-06-14 13:13:58',3,'67004A957D',1),(161,'2016-06-14 13:13:58',3,'67004A957D',1),(163,'2016-06-14 13:13:59',3,'67004A957D',1),(165,'2016-06-14 13:14:00',1,'67004A957D',1),(167,'2016-06-14 13:14:12',3,'67004A957D',1),(169,'2016-06-14 13:14:19',3,'67004A957D',1),(171,'2016-06-14 13:14:53',1,'67004A957D',1),(173,'2016-06-14 13:15:01',1,'67004A957D',1),(175,'2016-06-14 13:15:07',1,'67004A957D',1),(177,'2016-06-14 13:15:19',3,'67004A957D',1),(179,'2016-06-14 13:55:41',1,'67004A957D',1),(181,'2016-06-14 13:56:14',1,'67004A957D',1),(183,'2016-06-14 13:56:21',1,'67004A957D',1),(185,'2016-06-14 14:51:23',1,'133369\r',0),(187,'2016-06-14 14:54:25',1,'912294\r',0),(189,'2016-06-14 17:00:25',1,'67004A957D',0),(191,'2016-06-14 17:00:34',1,'67004A957D',0),(193,'2016-06-14 17:00:38',1,'67004A957D',0),(195,'2016-06-14 17:00:41',1,'67004A957D',0),(197,'2016-06-22 09:57:17',1,'67004A85A2',1);
/*!40000 ALTER TABLE `accessLog` ENABLE KEYS */;
UNLOCK TABLES;

--
-- Table structure for table `appLog`
--

DROP TABLE IF EXISTS `appLog`;
/*!40101 SET @saved_cs_client     = @@character_set_client */;
/*!40101 SET character_set_client = utf8 */;
CREATE TABLE `appLog` (
  `id` int(10) NOT NULL AUTO_INCREMENT,
  `timestamp` timestamp NOT NULL DEFAULT CURRENT_TIMESTAMP,
  `text` varchar(1000) NOT NULL,
  PRIMARY KEY (`id`)
) ENGINE=InnoDB AUTO_INCREMENT=2464 DEFAULT CHARSET=utf8;
/*!40101 SET character_set_client = @saved_cs_client */;

--
-- Dumping data for table `appLog`
--

LOCK TABLES `appLog` WRITE;
/*!40000 ALTER TABLE `appLog` DISABLE KEYS */;
INSERT INTO `appLog` VALUES (1,'2016-06-13 15:53:49','Spinel data: 2a6100068d0220843b0d'),(3,'2016-06-13 15:53:49','Message instruction UNKNOWN! (20)'),(5,'2016-06-13 15:53:49','Spinel data: 2a6100068d0220843b0d'),(7,'2016-06-13 15:53:49','Message instruction UNKNOWN! (20)'),(9,'2016-06-13 15:53:49','Spinel data: 2a6100068c0220843c0d'),(11,'2016-06-13 15:53:49','Message instruction UNKNOWN! (20)'),(13,'2016-06-13 15:53:49','Spinel data: 2a61000c65000c010467004a957d2f0d'),(15,'2016-06-13 15:53:49','Message instruction 0c - WIE485 Card Reader'),(17,'2016-06-13 15:53:49','Card Number: 67004a957d'),(19,'2016-06-13 15:53:49','API Response: 67004a957d;0;0;Pristup zamitnut'),(21,'2016-06-13 15:53:49','Exception: Failed to fetch relayModules'),(23,'2016-06-13 15:53:50','Spinel data: 2a61000c65000c010467004a957d2f0d'),(25,'2016-06-13 15:53:50','Message instruction 0c - WIE485 Card Reader'),(27,'2016-06-13 15:53:50','Card Number: 67004a957d'),(29,'2016-06-13 15:53:50','API Response: 67004a957d;0;0;Pristup zamitnut'),(31,'2016-06-13 15:53:50','Exception: Failed to fetch relayModules'),(33,'2016-06-13 16:21:23','BarcodeReader data: *a\0d\0g\0J'),(35,'2016-06-13 16:21:23','API Response: '),(37,'2016-06-13 16:21:23','Exception: Failed to fetch relayModules'),(39,'2016-06-13 16:21:23','Spinel data: 2a61000c64010c010467004a85a21a0d'),(41,'2016-06-13 16:21:23','Message instruction 0c - WIE485 Card Reader'),(43,'2016-06-13 16:21:24','Card Number: 67004a85a2'),(45,'2016-06-13 16:21:24','API Response: 67004a85a2;0;0;Pristup zamitnut'),(47,'2016-06-13 16:21:24','Exception: Failed to fetch relayModules'),(49,'2016-06-13 16:21:24','Spinel data: 2a61000c64020c010467004a85a2190d'),(51,'2016-06-13 16:21:24','Message instruction 0c - WIE485 Card Reader'),(53,'2016-06-13 16:21:24','Card Number: 67004a85a2'),(55,'2016-06-13 16:21:24','API Response: 67004a85a2;0;0;Pristup zamitnut'),(57,'2016-06-13 16:21:24','Exception: Failed to fetch relayModules'),(59,'2016-06-13 16:21:24','Spinel data: 2a61000c64030c010467004a85a2180d'),(61,'2016-06-13 16:21:24','Message instruction 0c - WIE485 Card Reader'),(63,'2016-06-13 16:21:24','Card Number: 67004a85a2'),(65,'2016-06-13 16:21:24','API Response: 67004a85a2;0;0;Pristup zamitnut'),(67,'2016-06-13 16:21:25','Exception: Failed to fetch relayModules'),(69,'2016-06-13 16:21:25','Spinel data: 2a61000c64040c010467004a85a2170d'),(71,'2016-06-13 16:21:25','Message instruction 0c - WIE485 Card Reader'),(73,'2016-06-13 16:21:25','Card Number: 67004a85a2'),(75,'2016-06-13 16:21:25','API Response: 67004a85a2;0;0;Pristup zamitnut'),(77,'2016-06-13 16:21:25','Exception: Failed to fetch relayModules'),(79,'2016-06-13 16:21:25','Spinel data: 2a61000c64050c010467004a85a2160d'),(81,'2016-06-13 16:21:25','Message instruction 0c - WIE485 Card Reader'),(83,'2016-06-13 16:21:25','Card Number: 67004a85a2'),(85,'2016-06-13 16:21:25','API Response: 67004a85a2;0;0;Pristup zamitnut'),(87,'2016-06-13 16:21:25','Exception: Failed to fetch relayModules'),(89,'2016-06-13 16:21:28','Spinel data: 2a61000c64060c010467004a85a2150d'),(91,'2016-06-13 16:21:28','Message instruction 0c - WIE485 Card Reader'),(93,'2016-06-13 16:21:28','Card Number: 67004a85a2'),(95,'2016-06-13 16:21:28','API Response: 67004a85a2;0;0;Pristup zamitnut'),(97,'2016-06-13 16:21:28','Exception: Failed to fetch relayModules'),(99,'2016-06-13 16:21:31','Spinel data: 2a61000c64070c010467004a85a2140d'),(101,'2016-06-13 16:21:31','Message instruction 0c - WIE485 Card Reader'),(103,'2016-06-13 16:21:31','Card Number: 67004a85a2'),(105,'2016-06-13 16:21:31','API Response: 67004a85a2;0;0;Pristup zamitnut'),(107,'2016-06-13 16:21:31','Exception: Failed to fetch relayModules'),(109,'2016-06-13 16:21:34','Spinel data: 2a61000c64080c010467004a85a2130d'),(111,'2016-06-13 16:21:34','Message instruction 0c - WIE485 Card Reader'),(113,'2016-06-13 16:21:34','Card Number: 67004a85a2'),(115,'2016-06-13 16:21:34','API Response: 67004a85a2;0;0;Pristup zamitnut'),(117,'2016-06-13 16:21:34','Exception: Failed to fetch relayModules'),(119,'2016-06-13 16:22:14','Spinel data: 2a61000c64090c010467004a85a2120d'),(121,'2016-06-13 16:22:14','Message instruction 0c - WIE485 Card Reader'),(123,'2016-06-13 16:22:14','Card Number: 67004a85a2'),(125,'2016-06-13 16:22:14','API Response: 67004a85a2;0;0;Pristup zamitnut'),(127,'2016-06-13 16:22:15','Exception: Failed to fetch relayModules'),(129,'2016-06-13 16:22:15','Spinel data: 2a61000c640a'),(131,'2016-06-13 16:22:15','Message instruction UNKNOWN! ()'),(133,'2016-06-13 16:22:15','BarcodeReader data: g\0J'),(135,'2016-06-13 16:22:15','API Response: '),(137,'2016-06-13 16:22:15','Exception: Failed to fetch relayModules'),(139,'2016-06-13 16:22:16','Spinel data: 2a61000c640b0c010467004a957d250d'),(141,'2016-06-13 16:22:16','Message instruction 0c - WIE485 Card Reader'),(143,'2016-06-13 16:22:16','Card Number: 67004a957d'),(145,'2016-06-13 16:22:16','API Response: 67004a957d;0;0;Pristup zamitnut'),(147,'2016-06-13 16:22:16','Exception: Failed to fetch relayModules'),(149,'2016-06-13 16:22:22','Spinel data: 2a61000c640c0c010467004a957d240d'),(151,'2016-06-13 16:22:22','Message instruction 0c - WIE485 Card Reader'),(153,'2016-06-13 16:22:22','Card Number: 67004a957d'),(155,'2016-06-13 16:22:22','API Response: 67004a957d;0;0;Pristup zamitnut'),(157,'2016-06-13 16:22:22','Exception: Failed to fetch relayModules'),(159,'2016-06-13 16:22:27','Spinel data: 2a61000c640d'),(161,'2016-06-13 16:22:28','Message instruction UNKNOWN! ()'),(163,'2016-06-13 16:22:28','BarcodeReader data: g\0J'),(165,'2016-06-13 16:22:28','API Response: '),(167,'2016-06-13 16:22:28','Exception: Failed to fetch relayModules'),(169,'2016-06-13 16:22:35','Spinel data: 2a61000c640e0c010467004a957d220d'),(171,'2016-06-13 16:22:35','Message instruction 0c - WIE485 Card Reader'),(173,'2016-06-13 16:22:35','Card Number: 67004a957d'),(175,'2016-06-13 16:22:35','API Response: 67004a957d;0;0;Pristup zamitnut'),(177,'2016-06-13 16:22:35','Exception: Failed to fetch relayModules'),(179,'2016-06-13 16:22:46','Spinel data: 2a61000c640f0c010467004a957d210d'),(181,'2016-06-13 16:22:46','Message instruction 0c - WIE485 Card Reader'),(183,'2016-06-13 16:22:46','Card Number: 67004a957d'),(185,'2016-06-13 16:22:46','API Response: 67004a957d;0;0;Pristup zamitnut'),(187,'2016-06-13 16:22:46','Exception: Failed to fetch relayModules'),(189,'2016-06-13 16:24:52','Spinel data: 2a61000c64100c010467004a957d200d'),(191,'2016-06-13 16:24:52','Message instruction 0c - WIE485 Card Reader'),(193,'2016-06-13 16:24:52','Card Number: 67004a957d'),(195,'2016-06-13 16:24:52','API Response: 67004a957d;0;0;Pristup zamitnut'),(197,'2016-06-13 16:24:52','Exception: Failed to fetch relayModules'),(199,'2016-06-13 16:25:08','Spinel data: 2a61000c64110c010467004a957d1f0d'),(201,'2016-06-13 16:25:08','Message instruction 0c - WIE485 Card Reader'),(203,'2016-06-13 16:25:08','Card Number: 67004a957d'),(205,'2016-06-13 16:25:08','API Response: 67004a957d;0;0;Pristup zamitnut'),(207,'2016-06-13 16:25:08','Exception: Failed to fetch relayModules'),(209,'2016-06-13 16:25:10','Spinel data: 2a61000c64120c010467004a957d1e0d'),(211,'2016-06-13 16:25:10','Message instruction 0c - WIE485 Card Reader'),(213,'2016-06-13 16:25:10','Card Number: 67004a957d'),(215,'2016-06-13 16:25:10','API Response: 67004a957d;0;0;Pristup zamitnut'),(217,'2016-06-13 16:25:10','Exception: Failed to fetch relayModules'),(219,'2016-06-13 16:25:12','Spinel data: 2a61000c64130c010467004a957d1d0d'),(221,'2016-06-13 16:25:12','Message instruction 0c - WIE485 Card Reader'),(223,'2016-06-13 16:25:12','Card Number: 67004a957d'),(225,'2016-06-13 16:25:12','API Response: 67004a957d;0;0;Pristup zamitnut'),(227,'2016-06-13 16:25:12','Exception: Failed to fetch relayModules'),(229,'2016-06-13 16:28:41','Spinel data: 2a61000c64140c010467004a957d1c0d'),(231,'2016-06-13 16:28:41','Message instruction 0c - WIE485 Card Reader'),(233,'2016-06-13 16:28:41','Card Number: 67004a957d'),(235,'2016-06-13 16:28:41','API Response: 67004a957d;0;0;Pristup zamitnut'),(237,'2016-06-13 16:28:41','Exception: Failed to fetch relayModules'),(239,'2016-06-13 16:32:08','Spinel data: 2a61000c64150c010467004a85a2060d'),(241,'2016-06-13 16:32:09','Message instruction 0c - WIE485 Card Reader'),(243,'2016-06-13 16:32:09','Card Number: 67004a85a2'),(245,'2016-06-13 16:32:09','API Response: 67004a85a2;0;0;Pristup zamitnut'),(247,'2016-06-13 16:32:09','Walking through quido address: 8c'),(249,'2016-06-13 16:32:09','Walking through relay address: 81'),(251,'2016-06-13 16:32:09','Message 1 (2a6100078c01230981330d) added to queue'),(253,'2016-06-13 16:32:09','Message 2 (2a6100167801900150726973747570207a616d69746e7574c10d) added to queue'),(255,'2016-06-13 16:32:10','Spinel data: 2a6100058c0100e20d'),(257,'2016-06-13 16:32:10','Message instruction 00 - ACK (Device 8c)'),(259,'2016-06-13 16:51:50','Spinel data: 2a61000c64160c010467004a957d1a0d'),(261,'2016-06-13 16:51:50','Message instruction 0c - WIE485 Card Reader'),(263,'2016-06-13 16:51:50','Card Number: 67004a957d'),(265,'2016-06-13 16:51:50','API Response: 67004a957d;0;0;Pristup zamitnut'),(267,'2016-06-13 16:51:50','Walking through quido address: 8c'),(269,'2016-06-13 16:51:50','Walking through relay address: 81'),(271,'2016-06-13 16:51:50','Message 1 (2a6100078c01230981330d) added to queue'),(273,'2016-06-13 16:51:50','Message 2 (2a6100167801900150726973747570207a616d69746e7574c10d) added to queue'),(275,'2016-06-13 16:51:50','Spinel data: 2a6100058c0100e20d'),(277,'2016-06-13 16:51:50','Message instruction 00 - ACK (Device 8c)'),(279,'2016-06-13 16:51:57','Spinel data: 2a61000c64170c010467004a957d190d'),(281,'2016-06-13 16:51:57','Message instruction 0c - WIE485 Card Reader'),(283,'2016-06-13 16:51:58','Card Number: 67004a957d'),(285,'2016-06-13 16:51:58','API Response: 67004a957d;0;0;Pristup zamitnut'),(287,'2016-06-13 16:51:58','Walking through quido address: 8c'),(289,'2016-06-13 16:51:58','Walking through relay address: 81'),(291,'2016-06-13 16:51:58','Message 1 (2a6100078c01230981330d) added to queue'),(293,'2016-06-13 16:51:58','Message 2 (2a6100167801900150726973747570207a616d69746e7574c10d) added to queue'),(295,'2016-06-13 16:51:58','Spinel data: 2a6100058c0100e20d'),(297,'2016-06-13 16:51:58','Message instruction 00 - ACK (Device 8c)'),(299,'2016-06-13 16:52:08','Spinel data: 2a61000c65000c010467004a957d2f0d'),(301,'2016-06-13 16:52:08','Message instruction 0c - WIE485 Card Reader'),(303,'2016-06-13 16:52:08','Card Number: 67004a957d'),(305,'2016-06-13 16:52:08','API Response: 67004a957d;0;0;Pristup zamitnut'),(307,'2016-06-13 16:52:08','Walking through quido address: 8c'),(309,'2016-06-13 16:52:08','Walking through relay address: 81'),(311,'2016-06-13 16:52:09','Message 1 (2a6100078c01230981330d) added to queue'),(313,'2016-06-13 16:52:09','Message 2 (2a6100167901900150726973747570207a616d69746e7574c00d) added to queue'),(315,'2016-06-13 16:52:09','Spinel data: 2a610005790100f50d'),(317,'2016-06-13 16:52:09','Message instruction 00 - ACK (Device 79)'),(319,'2016-06-13 16:53:20','BarcodeReader data: C521113002'),(321,'2016-06-13 16:53:20','API Response: C521113002;0;0;Pristup zamitnut'),(323,'2016-06-13 16:53:20','Walking through quido address: 8c'),(325,'2016-06-13 16:53:20','Walking through relay address: 81'),(327,'2016-06-13 16:53:20','Message 1 (2a6100078c01230981330d) added to queue'),(329,'2016-06-13 16:53:20','Message 2 (2a6100167901900150726973747570207a616d69746e7574c00d) added to queue'),(331,'2016-06-13 16:53:20','Incomplete message'),(333,'2016-06-13 16:53:20','Spinel data: 2a610005790100f50d'),(335,'2016-06-13 16:53:20','Message instruction 00 - ACK (Device 79)'),(337,'2016-06-13 16:53:38','BarcodeReader data: C521113002'),(339,'2016-06-13 16:53:38','API Response: C521113002;0;0;Pristup zamitnut'),(341,'2016-06-13 16:53:38','Walking through quido address: 8c'),(343,'2016-06-13 16:53:38','Walking through relay address: 81'),(345,'2016-06-13 16:53:38','Message 1 (2a6100078c01230981330d) added to queue'),(347,'2016-06-13 16:53:38','Message 2 (2a6100167801900150726973747570207a616d69746e7574c10d) added to queue'),(349,'2016-06-13 16:53:38','Incomplete message'),(351,'2016-06-13 16:53:38','Spinel data: 2a6100058c0100e20d'),(353,'2016-06-13 16:53:39','Message instruction 00 - ACK (Device 8c)'),(355,'2016-06-13 16:53:45','BarcodeReader data: C521113002'),(357,'2016-06-13 16:53:45','API Response: C521113002;0;0;Pristup zamitnut'),(359,'2016-06-13 16:53:45','Walking through quido address: 8c'),(361,'2016-06-13 16:53:45','Walking through relay address: 81'),(363,'2016-06-13 16:53:45','Message 1 (2a6100078c01230981330d) added to queue'),(365,'2016-06-13 16:53:45','Message 2 (2a6100167801900150726973747570207a616d69746e7574c10d) added to queue'),(367,'2016-06-13 16:53:45','Incomplete message'),(369,'2016-06-13 16:53:45','Spinel data: 2a6100058c0100e20d'),(371,'2016-06-13 16:53:45','Message instruction 00 - ACK (Device 8c)'),(373,'2016-06-13 16:53:51','Spinel data: 2a61000c64180c010467004a957d180d'),(375,'2016-06-13 16:53:51','Message instruction 0c - WIE485 Card Reader'),(377,'2016-06-13 16:53:51','Card Number: 67004a957d'),(379,'2016-06-13 16:53:51','API Response: 67004a957d;0;0;Pristup zamitnut'),(381,'2016-06-13 16:53:51','Walking through quido address: 8c'),(383,'2016-06-13 16:53:51','Walking through relay address: 81'),(385,'2016-06-13 16:53:51','Message 1 (2a6100078c01230981330d) added to queue'),(387,'2016-06-13 16:53:52','Message 2 (2a6100167801900150726973747570207a616d69746e7574c10d) added to queue'),(389,'2016-06-13 16:53:52','Spinel data: 2a6100058c0100e20d'),(391,'2016-06-13 16:53:52','Message instruction 00 - ACK (Device 8c)'),(393,'2016-06-13 16:54:06','BarcodeReader data: C521113002'),(395,'2016-06-13 16:54:06','API Response: C521113002;0;0;Pristup zamitnut'),(397,'2016-06-13 16:54:07','Walking through quido address: 8c'),(399,'2016-06-13 16:54:07','Walking through relay address: 81'),(401,'2016-06-13 16:54:07','Message 1 (2a6100078c01230981330d) added to queue'),(403,'2016-06-13 16:54:07','Message 2 (2a6100167901900150726973747570207a616d69746e7574c00d) added to queue'),(405,'2016-06-13 16:54:07','Incomplete message'),(407,'2016-06-13 16:54:07','Spinel data: 2a610005790100f50d'),(409,'2016-06-13 16:54:07','Message instruction 00 - ACK (Device 79)'),(411,'2016-06-13 16:56:15','BarcodeReader data: C521113002'),(413,'2016-06-13 16:56:15','API Response: C521113002;0;0;Pristup zamitnut'),(415,'2016-06-13 16:56:15','Walking through quido address: 8c'),(417,'2016-06-13 16:56:15','Walking through relay address: 81'),(419,'2016-06-13 16:56:15','Message 1 (2a6100078c01230981330d) added to queue'),(421,'2016-06-13 16:56:15','Message 2 (2a6100167901900150726973747570207a616d69746e7574c00d) added to queue'),(423,'2016-06-13 16:56:15','Incomplete message'),(425,'2016-06-13 16:56:15','Spinel data: 2a610005790100f50d'),(427,'2016-06-13 16:56:15','Message instruction 00 - ACK (Device 79)'),(429,'2016-06-13 16:56:17','BarcodeReader data: C521113002'),(431,'2016-06-13 16:56:17','API Response: C521113002;0;0;Pristup zamitnut'),(433,'2016-06-13 16:56:17','Walking through quido address: 8c'),(435,'2016-06-13 16:56:17','Walking through relay address: 81'),(437,'2016-06-13 16:56:17','Message 1 (2a6100078c01230981330d) added to queue'),(439,'2016-06-13 16:56:17','Message 2 (2a6100167901900150726973747570207a616d69746e7574c00d) added to queue'),(441,'2016-06-13 16:56:17','Incomplete message'),(443,'2016-06-13 16:56:17','Spinel data: 2a610005790100f50d'),(445,'2016-06-13 16:56:17','Message instruction 00 - ACK (Device 79)'),(447,'2016-06-13 16:56:33','Spinel data: 2a61000c65010c010467004a957d2e0d'),(449,'2016-06-13 16:56:33','Message instruction 0c - WIE485 Card Reader'),(451,'2016-06-13 16:56:33','Card Number: 67004a957d'),(453,'2016-06-13 16:56:33','API Response: 67004a957d;0;0;Pristup zamitnut'),(455,'2016-06-13 16:56:33','Walking through quido address: 8c'),(457,'2016-06-13 16:56:33','Walking through relay address: 81'),(459,'2016-06-13 16:56:33','Message 1 (2a6100078c01230981330d) added to queue'),(461,'2016-06-13 16:56:34','Message 2 (2a6100167901900150726973747570207a616d69746e7574c00d) added to queue'),(463,'2016-06-13 16:56:34','Spinel data: 2a610005790100f50d'),(465,'2016-06-13 16:56:34','Message instruction 00 - ACK (Device 79)'),(467,'2016-06-13 16:56:41','Spinel data: 2a61000c64190c010467004a957d170d'),(469,'2016-06-13 16:56:41','Message instruction 0c - WIE485 Card Reader'),(471,'2016-06-13 16:56:41','Card Number: 67004a957d'),(473,'2016-06-13 16:56:41','API Response: 67004a957d;0;0;Pristup zamitnut'),(475,'2016-06-13 16:56:41','Walking through quido address: 8c'),(477,'2016-06-13 16:56:41','Walking through relay address: 81'),(479,'2016-06-13 16:56:41','Message 1 (2a6100078c01230981330d) added to queue'),(481,'2016-06-13 16:56:41','Message 2 (2a6100167801900150726973747570207a616d69746e7574c10d) added to queue'),(483,'2016-06-13 16:56:42','Spinel data: 2a6100058c0100e20d'),(485,'2016-06-13 16:56:42','Message instruction 00 - ACK (Device 8c)'),(487,'2016-06-13 16:56:49','BarcodeReader data: C521113002'),(489,'2016-06-13 16:56:49','API Response: C521113002;0;0;Pristup zamitnut'),(491,'2016-06-13 16:56:49','Walking through quido address: 8c'),(493,'2016-06-13 16:56:49','Walking through relay address: 81'),(495,'2016-06-13 16:56:49','Message 1 (2a6100078c01230981330d) added to queue'),(497,'2016-06-13 16:56:49','Message 2 (2a6100167801900150726973747570207a616d69746e7574c10d) added to queue'),(499,'2016-06-13 16:56:49','Incomplete message'),(501,'2016-06-13 16:56:49','Spinel data: 2a6100058c0100e20d'),(503,'2016-06-13 16:56:49','Message instruction 00 - ACK (Device 8c)'),(505,'2016-06-13 16:57:41','Spinel data: 2a61000c641a0c010467004a957d160d'),(507,'2016-06-13 16:57:41','Message instruction 0c - WIE485 Card Reader'),(509,'2016-06-13 16:57:41','Card Number: 67004a957d'),(511,'2016-06-13 16:57:41','API Response: 67004a957d;0;0;Pristup zamitnut'),(513,'2016-06-13 16:57:41','Walking through quido address: 8c'),(515,'2016-06-13 16:57:41','Walking through relay address: 81'),(517,'2016-06-13 16:57:41','Message 1 (2a6100078c01230981330d) added to queue'),(519,'2016-06-13 16:57:41','Message 2 (2a6100167801900150726973747570207a616d69746e7574c10d) added to queue'),(521,'2016-06-13 16:57:41','Spinel data: 2a6100058c0100e20d'),(523,'2016-06-13 16:57:41','Message instruction 00 - ACK (Device 8c)'),(525,'2016-06-13 16:57:47','BarcodeReader data: C521113002'),(527,'2016-06-13 16:57:47','API Response: C521113002;0;0;Pristup zamitnut'),(529,'2016-06-13 16:57:47','Walking through quido address: 8c'),(531,'2016-06-13 16:57:47','Walking through relay address: 81'),(533,'2016-06-13 16:57:48','Message 1 (2a6100078c01230981330d) added to queue'),(535,'2016-06-13 16:57:48','Message 2 (2a6100167801900150726973747570207a616d69746e7574c10d) added to queue'),(537,'2016-06-13 16:57:48','Incomplete message'),(539,'2016-06-13 16:57:48','Spinel data: 2a6100058c0100e20d'),(541,'2016-06-13 16:57:48','Message instruction 00 - ACK (Device 8c)'),(543,'2016-06-13 17:45:13','BarcodeReader data: *a\0f\0g\0J'),(545,'2016-06-13 17:45:13','API Response: '),(547,'2016-06-13 17:45:13','Walking through quido address: 8d'),(549,'2016-06-13 17:45:13','Exception: Failed to fetch relays'),(551,'2016-06-13 17:45:13','BarcodeReader data: C521113002'),(553,'2016-06-13 17:45:14','API Response: C521113002;0;0;Pristup zamitnut'),(555,'2016-06-13 17:45:14','Walking through quido address: 8d'),(557,'2016-06-13 17:45:14','Walking through relay address: 87'),(559,'2016-06-13 17:45:14','Message 1 (2a6100078d012309872c0d) added to queue'),(561,'2016-06-13 17:45:14','Message 2 (2a6100167a01900150726973747570207a616d69746e7574bf0d) added to queue'),(563,'2016-06-13 17:45:14','Incomplete message'),(565,'2016-06-13 17:45:14','BarcodeReader data: C521113002'),(567,'2016-06-13 17:45:14','API Response: C521113002;0;0;Pristup zamitnut'),(569,'2016-06-13 17:45:14','Walking through quido address: 8d'),(571,'2016-06-13 17:45:14','Walking through relay address: 87'),(573,'2016-06-13 17:45:14','Message 1 (2a6100078d012309872c0d) added to queue'),(575,'2016-06-13 17:45:14','Message 2 (2a6100167a01900150726973747570207a616d69746e7574bf0d) added to queue'),(577,'2016-06-13 17:45:14','Incomplete message'),(579,'2016-06-13 17:45:14','BarcodeReader data: C521113002'),(581,'2016-06-13 17:45:14','API Response: C521113002;0;0;Pristup zamitnut'),(583,'2016-06-13 17:45:14','Walking through quido address: 8d'),(585,'2016-06-13 17:45:14','Walking through relay address: 87'),(587,'2016-06-13 17:45:14','Message 1 (2a6100078d012309872c0d) added to queue'),(589,'2016-06-13 17:45:14','Message 2 (2a6100167a01900150726973747570207a616d69746e7574bf0d) added to queue'),(591,'2016-06-13 17:45:15','Incomplete message'),(593,'2016-06-13 17:45:15','Spinel data: 2a61000c66010c010467004a957d2d0d'),(595,'2016-06-13 17:45:15','Message instruction 0c - WIE485 Card Reader'),(597,'2016-06-13 17:45:15','Card Number: 67004a957d'),(599,'2016-06-13 17:45:15','API Response: 67004a957d;0;0;Pristup zamitnut'),(601,'2016-06-13 17:45:15','Walking through quido address: 8d'),(603,'2016-06-13 17:45:15','Walking through relay address: 87'),(605,'2016-06-13 17:45:15','Message 1 (2a6100078d012309872c0d) added to queue'),(607,'2016-06-13 17:45:15','Message 2 (2a6100167a01900150726973747570207a616d69746e7574bf0d) added to queue'),(609,'2016-06-13 17:45:15','Spinel data: 2a61000c66020c010467004a957d2c0d'),(611,'2016-06-13 17:45:15','Message instruction 0c - WIE485 Card Reader'),(613,'2016-06-13 17:45:15','Card Number: 67004a957d'),(615,'2016-06-13 17:45:15','API Response: 67004a957d;0;0;Pristup zamitnut'),(617,'2016-06-13 17:45:15','Walking through quido address: 8d'),(619,'2016-06-13 17:45:15','Walking through relay address: 87'),(621,'2016-06-13 17:45:15','Message 1 (2a6100078d012309872c0d) added to queue'),(623,'2016-06-13 17:45:15','Message 2 (2a6100167a01900150726973747570207a616d69746e7574bf0d) added to queue'),(625,'2016-06-13 17:45:15','Spinel data: 2a61000c66030c010467004a957d2b0d'),(627,'2016-06-13 17:45:15','Message instruction 0c - WIE485 Card Reader'),(629,'2016-06-13 17:45:15','Card Number: 67004a957d'),(631,'2016-06-13 17:45:16','API Response: 67004a957d;0;0;Pristup zamitnut'),(633,'2016-06-13 17:45:16','Walking through quido address: 8d'),(635,'2016-06-13 17:45:16','Walking through relay address: 87'),(637,'2016-06-13 17:45:16','Message 1 (2a6100078d012309872c0d) added to queue'),(639,'2016-06-13 17:45:16','Message 2 (2a6100167a01900150726973747570207a616d69746e7574bf0d) added to queue'),(641,'2016-06-13 17:45:16','BarcodeReader data: '),(643,'2016-06-13 17:45:16','API Response: '),(645,'2016-06-13 17:45:16','Walking through quido address: 8d'),(647,'2016-06-13 17:45:16','Exception: Failed to fetch relays'),(649,'2016-06-13 17:45:16','Incomplete message'),(651,'2016-06-13 17:45:16','BarcodeReader data: 400377307511'),(653,'2016-06-13 17:45:16','API Response: 400377307511;0;0;Pristup zamitnut'),(655,'2016-06-13 17:45:16','Walking through quido address: 8d'),(657,'2016-06-13 17:45:16','Walking through relay address: 87'),(659,'2016-06-13 17:45:16','Message 1 (2a6100078d012309872c0d) added to queue'),(661,'2016-06-13 17:45:16','Message 2 (2a6100167a01900150726973747570207a616d69746e7574bf0d) added to queue'),(663,'2016-06-13 17:45:16','Incomplete message'),(665,'2016-06-13 17:45:16','BarcodeReader data: 400377307511'),(667,'2016-06-13 17:45:17','API Response: 400377307511;0;0;Pristup zamitnut'),(669,'2016-06-13 17:45:17','Walking through quido address: 8d'),(671,'2016-06-13 17:45:17','Walking through relay address: 87'),(673,'2016-06-13 17:45:17','Message 1 (2a6100078d012309872c0d) added to queue'),(675,'2016-06-13 17:45:17','Message 2 (2a6100167a01900150726973747570207a616d69746e7574bf0d) added to queue'),(677,'2016-06-13 17:45:17','Incomplete message'),(679,'2016-06-13 17:45:17','BarcodeReader data: 400377307511'),(681,'2016-06-13 17:45:17','API Response: 400377307511;0;0;Pristup zamitnut'),(683,'2016-06-13 17:45:17','Walking through quido address: 8d'),(685,'2016-06-13 17:45:17','Walking through relay address: 87'),(687,'2016-06-13 17:45:17','Message 1 (2a6100078d012309872c0d) added to queue'),(689,'2016-06-13 17:45:17','Message 2 (2a6100167a01900150726973747570207a616d69746e7574bf0d) added to queue'),(691,'2016-06-13 17:45:17','Incomplete message'),(693,'2016-06-13 17:45:17','BarcodeReader data: 400377307511'),(695,'2016-06-13 17:45:17','API Response: 400377307511;0;0;Pristup zamitnut'),(697,'2016-06-13 17:45:17','Walking through quido address: 8d'),(699,'2016-06-13 17:45:17','Walking through relay address: 87'),(701,'2016-06-13 17:45:17','Message 1 (2a6100078d012309872c0d) added to queue'),(703,'2016-06-13 17:45:18','Message 2 (2a6100167a01900150726973747570207a616d69746e7574bf0d) added to queue'),(705,'2016-06-13 17:45:18','Incomplete message'),(707,'2016-06-13 17:45:18','BarcodeReader data: 400377307511'),(709,'2016-06-13 17:45:18','API Response: 400377307511;0;0;Pristup zamitnut'),(711,'2016-06-13 17:45:18','Walking through quido address: 8d'),(713,'2016-06-13 17:45:18','Walking through relay address: 87'),(715,'2016-06-13 17:45:19','Message 1 (2a6100078d012309872c0d) added to queue'),(717,'2016-06-13 17:45:19','Message 2 (2a6100167a01900150726973747570207a616d69746e7574bf0d) added to queue'),(719,'2016-06-13 17:45:19','Incomplete message'),(721,'2016-06-13 17:45:19','Spinel data: 2a61000c66040c010467004a85a2150d'),(723,'2016-06-13 17:45:19','Message instruction 0c - WIE485 Card Reader'),(725,'2016-06-13 17:45:19','Card Number: 67004a85a2'),(727,'2016-06-13 17:45:19','API Response: 67004a85a2;0;0;Pristup zamitnut'),(729,'2016-06-13 17:45:19','Walking through quido address: 8d'),(731,'2016-06-13 17:45:19','Walking through relay address: 87'),(733,'2016-06-13 17:45:19','Message 1 (2a6100078d012309872c0d) added to queue'),(735,'2016-06-13 17:45:19','Message 2 (2a6100167a01900150726973747570207a616d69746e7574bf0d) added to queue'),(737,'2016-06-13 17:45:19','Spinel data: 2a61000c66050c010467004a85a2140d'),(739,'2016-06-13 17:45:20','Message instruction 0c - WIE485 Card Reader'),(741,'2016-06-13 17:45:20','Card Number: 67004a85a2'),(743,'2016-06-13 17:45:20','API Response: 67004a85a2;0;0;Pristup zamitnut'),(745,'2016-06-13 17:45:20','Walking through quido address: 8d'),(747,'2016-06-13 17:45:20','Walking through relay address: 87'),(749,'2016-06-13 17:45:20','Message 1 (2a6100078d012309872c0d) added to queue'),(751,'2016-06-13 17:45:20','Message 2 (2a6100167a01900150726973747570207a616d69746e7574bf0d) added to queue'),(753,'2016-06-13 17:45:20','BarcodeReader data: T'),(755,'2016-06-13 17:45:20','API Response: '),(757,'2016-06-13 17:45:20','Walking through quido address: 8d'),(759,'2016-06-13 17:45:20','Exception: Failed to fetch relays'),(761,'2016-06-13 17:46:19','BarcodeReader data: DEDDA!\0400377307511'),(763,'2016-06-13 17:46:19','API Response: '),(765,'2016-06-13 17:46:19','Walking through quido address: 8d'),(767,'2016-06-13 17:46:19','Exception: Failed to fetch relays'),(769,'2016-06-13 17:46:19','Incomplete message'),(771,'2016-06-13 17:46:27','BarcodeReader data: 400377307511'),(773,'2016-06-13 17:46:27','API Response: 400377307511;0;0;Pristup zamitnut'),(775,'2016-06-13 17:46:27','Walking through quido address: 8d'),(777,'2016-06-13 17:46:27','Walking through relay address: 87'),(779,'2016-06-13 17:46:27','Message 1 (2a6100078d012309872c0d) added to queue'),(781,'2016-06-13 17:46:28','Message 2 (2a6100167a01900150726973747570207a616d69746e7574bf0d) added to queue'),(783,'2016-06-13 17:46:28','Incomplete message'),(785,'2016-06-13 17:46:29','BarcodeReader data: 400377307511'),(787,'2016-06-13 17:46:29','API Response: 400377307511;0;0;Pristup zamitnut'),(789,'2016-06-13 17:46:29','Walking through quido address: 8d'),(791,'2016-06-13 17:46:29','Walking through relay address: 87'),(793,'2016-06-13 17:46:29','Message 1 (2a6100078d012309872c0d) added to queue'),(795,'2016-06-13 17:46:29','Message 2 (2a6100167a01900150726973747570207a616d69746e7574bf0d) added to queue'),(797,'2016-06-13 17:46:29','Incomplete message'),(799,'2016-06-13 17:46:30','BarcodeReader data: 400377307511'),(801,'2016-06-13 17:46:30','API Response: 400377307511;0;0;Pristup zamitnut'),(803,'2016-06-13 17:46:30','Walking through quido address: 8d'),(805,'2016-06-13 17:46:30','Walking through relay address: 87'),(807,'2016-06-13 17:46:31','Message 1 (2a6100078d012309872c0d) added to queue'),(809,'2016-06-13 17:46:31','Message 2 (2a6100167a01900150726973747570207a616d69746e7574bf0d) added to queue'),(811,'2016-06-13 17:46:31','Incomplete message'),(813,'2016-06-13 17:46:34','BarcodeReader data: 400377307511'),(815,'2016-06-13 17:46:34','API Response: 400377307511;0;0;Pristup zamitnut'),(817,'2016-06-13 17:46:34','Walking through quido address: 8d'),(819,'2016-06-13 17:46:34','Walking through relay address: 87'),(821,'2016-06-13 17:46:34','Message 1 (2a6100078d012309872c0d) added to queue'),(823,'2016-06-13 17:46:34','Message 2 (2a6100167a01900150726973747570207a616d69746e7574bf0d) added to queue'),(825,'2016-06-13 17:46:34','Incomplete message'),(827,'2016-06-13 17:46:38','BarcodeReader data: 400377307511'),(829,'2016-06-13 17:46:38','API Response: 400377307511;0;0;Pristup zamitnut'),(831,'2016-06-13 17:46:38','Walking through quido address: 8d'),(833,'2016-06-13 17:46:38','Walking through relay address: 87'),(835,'2016-06-13 17:46:38','Message 1 (2a6100078d012309872c0d) added to queue'),(837,'2016-06-13 17:46:38','Message 2 (2a6100167a01900150726973747570207a616d69746e7574bf0d) added to queue'),(839,'2016-06-13 17:46:38','Incomplete message'),(841,'2016-06-13 17:46:48','BarcodeReader data: 400377307511'),(843,'2016-06-13 17:46:48','API Response: 400377307511;0;0;Pristup zamitnut'),(845,'2016-06-13 17:46:48','Walking through quido address: 8d'),(847,'2016-06-13 17:46:48','Walking through relay address: 87'),(849,'2016-06-13 17:46:49','Message 1 (2a6100078d012309872c0d) added to queue'),(851,'2016-06-13 17:46:49','Message 2 (2a6100167a01900150726973747570207a616d69746e7574bf0d) added to queue'),(853,'2016-06-13 17:46:49','Incomplete message'),(855,'2016-06-13 17:47:00','BarcodeReader data: 400377307511'),(857,'2016-06-13 17:47:01','API Response: 400377307511;0;0;Pristup zamitnut'),(859,'2016-06-13 17:47:01','Walking through quido address: 8d'),(861,'2016-06-13 17:47:01','Walking through relay address: 87'),(863,'2016-06-13 17:47:01','Message 1 (2a6100078d012309872c0d) added to queue'),(865,'2016-06-13 17:47:01','Message 2 (2a6100167a01900150726973747570207a616d69746e7574bf0d) added to queue'),(867,'2016-06-13 17:47:01','Incomplete message'),(869,'2016-06-13 17:47:08','BarcodeReader data: 400377307511'),(871,'2016-06-13 17:47:08','API Response: 400377307511;0;0;Pristup zamitnut'),(873,'2016-06-13 17:47:08','Walking through quido address: 8d'),(875,'2016-06-13 17:47:08','Walking through relay address: 87'),(877,'2016-06-13 17:47:08','Message 1 (2a6100078d012309872c0d) added to queue'),(879,'2016-06-13 17:47:08','Message 2 (2a6100167a01900150726973747570207a616d69746e7574bf0d) added to queue'),(881,'2016-06-13 17:47:08','Incomplete message'),(883,'2016-06-13 17:47:25','BarcodeReader data: 400377307511'),(885,'2016-06-13 17:47:25','API Response: 400377307511;0;0;Pristup zamitnut'),(887,'2016-06-13 17:47:25','Walking through quido address: 8d'),(889,'2016-06-13 17:47:25','Walking through relay address: 87'),(891,'2016-06-13 17:47:26','Message 1 (2a6100078d012309872c0d) added to queue'),(893,'2016-06-13 17:47:26','Message 2 (2a6100167a01900150726973747570207a616d69746e7574bf0d) added to queue'),(895,'2016-06-13 17:47:26','Incomplete message'),(897,'2016-06-13 17:47:30','BarcodeReader data: 400377307511'),(899,'2016-06-13 17:47:30','API Response: 400377307511;0;0;Pristup zamitnut'),(901,'2016-06-13 17:47:30','Walking through quido address: 8d'),(903,'2016-06-13 17:47:30','Walking through relay address: 87'),(905,'2016-06-13 17:47:30','Message 1 (2a6100078d012309872c0d) added to queue'),(907,'2016-06-13 17:47:31','Message 2 (2a6100167a01900150726973747570207a616d69746e7574bf0d) added to queue'),(909,'2016-06-13 17:47:31','Incomplete message'),(911,'2016-06-13 17:47:31','BarcodeReader data: 400377307511'),(913,'2016-06-13 17:47:32','API Response: 400377307511;0;0;Pristup zamitnut'),(915,'2016-06-13 17:47:32','Walking through quido address: 8d'),(917,'2016-06-13 17:47:32','Walking through relay address: 87'),(919,'2016-06-13 17:47:32','Message 1 (2a6100078d012309872c0d) added to queue'),(921,'2016-06-13 17:47:32','Message 2 (2a6100167a01900150726973747570207a616d69746e7574bf0d) added to queue'),(923,'2016-06-13 17:47:32','Incomplete message'),(925,'2016-06-13 17:47:37','BarcodeReader data: 400377307511'),(927,'2016-06-13 17:47:37','API Response: 400377307511;0;0;Pristup zamitnut'),(929,'2016-06-13 17:47:37','Walking through quido address: 8d'),(931,'2016-06-13 17:47:37','Walking through relay address: 87'),(933,'2016-06-13 17:47:37','Message 1 (2a6100078d012309872c0d) added to queue'),(935,'2016-06-13 17:47:37','Message 2 (2a6100167a01900150726973747570207a616d69746e7574bf0d) added to queue'),(937,'2016-06-13 17:47:37','Incomplete message'),(939,'2016-06-13 17:47:39','BarcodeReader data: 400377307511'),(941,'2016-06-13 17:47:39','API Response: 400377307511;0;0;Pristup zamitnut'),(943,'2016-06-13 17:47:39','Walking through quido address: 8d'),(945,'2016-06-13 17:47:39','Walking through relay address: 87'),(947,'2016-06-13 17:47:39','Message 1 (2a6100078d012309872c0d) added to queue'),(949,'2016-06-13 17:47:39','Message 2 (2a6100167a01900150726973747570207a616d69746e7574bf0d) added to queue'),(951,'2016-06-13 17:47:39','Incomplete message'),(953,'2016-06-13 17:47:44','BarcodeReader data: 400377307511'),(955,'2016-06-13 17:47:44','API Response: 400377307511;0;0;Pristup zamitnut'),(957,'2016-06-13 17:47:44','Walking through quido address: 8d'),(959,'2016-06-13 17:47:44','Walking through relay address: 87'),(961,'2016-06-13 17:47:44','Message 1 (2a6100078d012309872c0d) added to queue'),(963,'2016-06-13 17:47:44','Message 2 (2a6100167a01900150726973747570207a616d69746e7574bf0d) added to queue'),(965,'2016-06-13 17:47:44','Incomplete message'),(967,'2016-06-13 17:49:09','BarcodeReader data: 400377307511'),(969,'2016-06-13 17:49:09','API Response: 400377307511;0;0;Pristup zamitnut'),(971,'2016-06-13 17:49:09','Walking through quido address: 8d'),(973,'2016-06-13 17:49:09','Walking through relay address: 87'),(975,'2016-06-13 17:49:10','Message 1 (2a6100078d012309872c0d) added to queue'),(977,'2016-06-13 17:49:10','Message 2 (2a6100167a01900150726973747570207a616d69746e7574bf0d) added to queue'),(979,'2016-06-13 17:49:10','Incomplete message'),(981,'2016-06-13 17:51:05','BarcodeReader data: 400377307511'),(983,'2016-06-13 17:51:05','API Response: 400377307511;0;0;Pristup zamitnut'),(985,'2016-06-13 17:51:05','Walking through quido address: 8e'),(987,'2016-06-13 17:51:05','Walking through relay address: 87'),(989,'2016-06-13 17:51:05','Message 1 (2a6100078e012309872b0d) added to queue'),(991,'2016-06-13 17:51:05','Message 2 (2a6100167a01900150726973747570207a616d69746e7574bf0d) added to queue'),(993,'2016-06-13 17:51:05','Incomplete message'),(995,'2016-06-13 17:51:05','BarcodeReader data: 400377307511'),(997,'2016-06-13 17:51:05','API Response: 400377307511;0;0;Pristup zamitnut'),(999,'2016-06-13 17:51:06','Walking through quido address: 8e'),(1001,'2016-06-13 17:51:06','Walking through relay address: 87'),(1003,'2016-06-13 17:51:06','Message 1 (2a6100078e012309872b0d) added to queue'),(1005,'2016-06-13 17:51:06','Message 2 (2a6100167a01900150726973747570207a616d69746e7574bf0d) added to queue'),(1007,'2016-06-13 17:51:06','Incomplete message'),(1009,'2016-06-13 17:51:06','BarcodeReader data: 400377307511'),(1011,'2016-06-13 17:51:06','API Response: 400377307511;0;0;Pristup zamitnut'),(1013,'2016-06-13 17:51:06','Walking through quido address: 8e'),(1015,'2016-06-13 17:51:06','Walking through relay address: 87'),(1017,'2016-06-13 17:51:06','Message 1 (2a6100078e012309872b0d) added to queue'),(1019,'2016-06-13 17:51:06','Message 2 (2a6100167a01900150726973747570207a616d69746e7574bf0d) added to queue'),(1021,'2016-06-13 17:51:06','Incomplete message'),(1023,'2016-06-13 17:51:06','BarcodeReader data: 400377307511'),(1025,'2016-06-13 17:51:07','API Response: 400377307511;0;0;Pristup zamitnut'),(1027,'2016-06-13 17:51:07','Walking through quido address: 8e'),(1029,'2016-06-13 17:51:07','Walking through relay address: 87'),(1031,'2016-06-13 17:51:07','Message 1 (2a6100078e012309872b0d) added to queue'),(1033,'2016-06-13 17:51:07','Message 2 (2a6100167a01900150726973747570207a616d69746e7574bf0d) added to queue'),(1035,'2016-06-13 17:51:07','Incomplete message'),(1037,'2016-06-13 17:51:07','BarcodeReader data: 400377307511'),(1039,'2016-06-13 17:51:07','API Response: 400377307511;0;0;Pristup zamitnut'),(1041,'2016-06-13 17:51:07','Walking through quido address: 8e'),(1043,'2016-06-13 17:51:07','Walking through relay address: 87'),(1045,'2016-06-13 17:51:07','Message 1 (2a6100078e012309872b0d) added to queue'),(1047,'2016-06-13 17:51:07','Message 2 (2a6100167a01900150726973747570207a616d69746e7574bf0d) added to queue'),(1049,'2016-06-13 17:51:07','Incomplete message'),(1051,'2016-06-13 17:51:07','BarcodeReader data: 400377307511'),(1053,'2016-06-13 17:51:07','API Response: 400377307511;0;0;Pristup zamitnut'),(1055,'2016-06-13 17:51:07','Walking through quido address: 8e'),(1057,'2016-06-13 17:51:07','Walking through relay address: 87'),(1059,'2016-06-13 17:51:08','Message 1 (2a6100078e012309872b0d) added to queue'),(1061,'2016-06-13 17:51:08','Message 2 (2a6100167a01900150726973747570207a616d69746e7574bf0d) added to queue'),(1063,'2016-06-13 17:51:08','Incomplete message'),(1065,'2016-06-13 17:51:08','Spinel data: 2a6100058e0100e00d'),(1067,'2016-06-13 17:51:08','Message instruction 00 - ACK (Device 8e)'),(1069,'2016-06-13 17:51:08','Spinel data: 2a6100058e0100e00d'),(1071,'2016-06-13 17:51:08','Message instruction 00 - ACK (Device 8e)'),(1073,'2016-06-13 17:51:08','Spinel data: 2a6100058e0100e00d'),(1075,'2016-06-13 17:51:08','Message instruction 00 - ACK (Device 8e)'),(1077,'2016-06-13 17:51:08','Spinel data: 2a6100058e0100e00d'),(1079,'2016-06-13 17:51:08','Message instruction 00 - ACK (Device 8e)'),(1081,'2016-06-13 17:51:08','Spinel data: 2a6100058e0100e00d'),(1083,'2016-06-13 17:51:08','Message instruction 00 - ACK (Device 8e)'),(1085,'2016-06-13 17:51:08','Spinel data: 2a6100058e0100e00d'),(1087,'2016-06-13 17:51:08','Message instruction 00 - ACK (Device 8e)'),(1089,'2016-06-13 17:51:25','BarcodeReader data: 400377307511'),(1091,'2016-06-13 17:51:26','API Response: 400377307511;0;0;Pristup zamitnut'),(1093,'2016-06-13 17:51:26','Walking through quido address: 8e'),(1095,'2016-06-13 17:51:26','Walking through relay address: 87'),(1097,'2016-06-13 17:51:26','Message 1 (2a6100078e012309872b0d) added to queue'),(1099,'2016-06-13 17:51:26','Message 2 (2a6100167a01900150726973747570207a616d69746e7574bf0d) added to queue'),(1101,'2016-06-13 17:51:26','Incomplete message'),(1103,'2016-06-13 17:51:26','Spinel data: 2a6100058e0100e00d'),(1105,'2016-06-13 17:51:26','Message instruction 00 - ACK (Device 8e)'),(1107,'2016-06-13 17:51:30','BarcodeReader data: 400377307511'),(1109,'2016-06-13 17:51:30','API Response: 400377307511;0;0;Pristup zamitnut'),(1111,'2016-06-13 17:51:30','Walking through quido address: 8e'),(1113,'2016-06-13 17:51:30','Walking through relay address: 87'),(1115,'2016-06-13 17:51:30','Message 1 (2a6100078e012309872b0d) added to queue'),(1117,'2016-06-13 17:51:30','Message 2 (2a6100167a01900150726973747570207a616d69746e7574bf0d) added to queue'),(1119,'2016-06-13 17:51:30','Incomplete message'),(1121,'2016-06-13 17:51:30','Spinel data: 2a6100058e0100e00d'),(1123,'2016-06-13 17:51:30','Message instruction 00 - ACK (Device 8e)'),(1125,'2016-06-13 17:51:33','BarcodeReader data: 400377307511'),(1127,'2016-06-13 17:51:33','API Response: 400377307511;0;0;Pristup zamitnut'),(1129,'2016-06-13 17:51:33','Walking through quido address: 8e'),(1131,'2016-06-13 17:51:33','Walking through relay address: 87'),(1133,'2016-06-13 17:51:33','Message 1 (2a6100078e012309872b0d) added to queue'),(1135,'2016-06-13 17:51:33','Message 2 (2a6100167a01900150726973747570207a616d69746e7574bf0d) added to queue'),(1137,'2016-06-13 17:51:34','Incomplete message'),(1139,'2016-06-13 17:51:34','Spinel data: 2a6100058e0100e00d'),(1141,'2016-06-13 17:51:34','Message instruction 00 - ACK (Device 8e)'),(1143,'2016-06-13 17:51:35','BarcodeReader data: 400377307511'),(1145,'2016-06-13 17:51:35','API Response: 400377307511;0;0;Pristup zamitnut'),(1147,'2016-06-13 17:51:35','Walking through quido address: 8e'),(1149,'2016-06-13 17:51:36','Walking through relay address: 87'),(1151,'2016-06-13 17:51:37','Message 1 (2a6100078e012309872b0d) added to queue'),(1153,'2016-06-13 17:51:37','Message 2 (2a6100167a01900150726973747570207a616d69746e7574bf0d) added to queue'),(1155,'2016-06-13 17:51:37','Incomplete message'),(1157,'2016-06-13 17:51:37','Spinel data: 2a6100058e0100e00d'),(1159,'2016-06-13 17:51:37','Message instruction 00 - ACK (Device 8e)'),(1161,'2016-06-13 17:51:37','BarcodeReader data: 400377307511'),(1163,'2016-06-13 17:51:37','API Response: 400377307511;0;0;Pristup zamitnut'),(1165,'2016-06-13 17:51:37','Walking through quido address: 8e'),(1167,'2016-06-13 17:51:37','Walking through relay address: 87'),(1169,'2016-06-13 17:51:38','Message 1 (2a6100078e012309872b0d) added to queue'),(1171,'2016-06-13 17:51:38','Message 2 (2a6100167a01900150726973747570207a616d69746e7574bf0d) added to queue'),(1173,'2016-06-13 17:51:38','Incomplete message'),(1175,'2016-06-13 17:51:38','Spinel data: 2a6100058e0100e00d'),(1177,'2016-06-13 17:51:38','Message instruction 00 - ACK (Device 8e)'),(1179,'2016-06-13 17:51:46','BarcodeReader data: 400377307511'),(1181,'2016-06-13 17:51:46','API Response: 400377307511;0;0;Pristup zamitnut'),(1183,'2016-06-13 17:51:46','Walking through quido address: 8e'),(1185,'2016-06-13 17:51:46','Walking through relay address: 87'),(1187,'2016-06-13 17:51:47','Message 1 (2a6100078e012309872b0d) added to queue'),(1189,'2016-06-13 17:51:47','Message 2 (2a6100167a01900150726973747570207a616d69746e7574bf0d) added to queue'),(1191,'2016-06-13 17:51:47','Incomplete message'),(1193,'2016-06-13 17:51:47','Spinel data: 2a6100058e0100e00d'),(1195,'2016-06-13 17:51:47','Message instruction 00 - ACK (Device 8e)'),(1197,'2016-06-13 17:51:53','BarcodeReader data: 400377307511'),(1199,'2016-06-13 17:51:54','API Response: 400377307511;0;0;Pristup zamitnut'),(1201,'2016-06-13 17:51:54','Walking through quido address: 8e'),(1203,'2016-06-13 17:51:54','Walking through relay address: 87'),(1205,'2016-06-13 17:51:54','Message 1 (2a6100078e012309872b0d) added to queue'),(1207,'2016-06-13 17:51:54','Message 2 (2a6100167a01900150726973747570207a616d69746e7574bf0d) added to queue'),(1209,'2016-06-13 17:51:54','Incomplete message'),(1211,'2016-06-13 17:51:54','Spinel data: 2a6100058e0100e00d'),(1213,'2016-06-13 17:51:54','Message instruction 00 - ACK (Device 8e)'),(1215,'2016-06-13 17:53:19','Spinel data: 2a61000c66070c010467004a85a2120d'),(1217,'2016-06-13 17:53:19','Message instruction 0c - WIE485 Card Reader'),(1219,'2016-06-13 17:53:19','Card Number: 67004a85a2'),(1221,'2016-06-13 17:53:20','API Response: 67004a85a2;0;0;Pristup zamitnut'),(1223,'2016-06-13 17:53:20','Walking through quido address: 8e'),(1225,'2016-06-13 17:53:20','Walking through relay address: 87'),(1227,'2016-06-13 17:53:20','Message 1 (2a6100078e012309872b0d) added to queue'),(1229,'2016-06-13 17:53:20','Message 2 (2a6100167a01900150726973747570207a616d69746e7574bf0d) added to queue'),(1231,'2016-06-13 17:53:20','Spinel data: 2a6100058e0100e00d'),(1233,'2016-06-13 17:53:20','Message instruction 00 - ACK (Device 8e)'),(1235,'2016-06-13 17:53:31','Spinel data: 2a61000c66080c010467004a85a2110d'),(1237,'2016-06-13 17:53:31','Message instruction 0c - WIE485 Card Reader'),(1239,'2016-06-13 17:53:31','Card Number: 67004a85a2'),(1241,'2016-06-13 17:53:31','API Response: 67004a85a2;0;0;Pristup zamitnut'),(1243,'2016-06-13 17:53:31','Walking through quido address: 8e'),(1245,'2016-06-13 17:53:31','Walking through relay address: 87'),(1247,'2016-06-13 17:53:31','Message 1 (2a6100078e012309872b0d) added to queue'),(1249,'2016-06-13 17:53:31','Message 2 (2a6100167a01900150726973747570207a616d69746e7574bf0d) added to queue'),(1251,'2016-06-13 17:53:31','Spinel data: 2a6100058e0100e00d'),(1253,'2016-06-13 17:53:31','Message instruction 00 - ACK (Device 8e)'),(1255,'2016-06-13 17:54:40','Spinel data: 2a61000c66090c010467004a85a2100d'),(1257,'2016-06-13 17:54:40','Message instruction 0c - WIE485 Card Reader'),(1259,'2016-06-13 17:54:40','Card Number: 67004a85a2'),(1261,'2016-06-13 17:54:40','API Response: 67004a85a2;0;0;Pristup zamitnut'),(1263,'2016-06-13 17:54:40','Walking through quido address: 8e'),(1265,'2016-06-13 17:54:40','Walking through relay address: 87'),(1267,'2016-06-13 17:54:40','Message 1 (2a6100078e012309872b0d) added to queue'),(1269,'2016-06-13 17:54:40','Message 2 (2a6100167a01900150726973747570207a616d69746e7574bf0d) added to queue'),(1271,'2016-06-13 17:54:40','Spinel data: 2a6100058e0100e00d'),(1273,'2016-06-13 17:54:40','Message instruction 00 - ACK (Device 8e)'),(1275,'2016-06-13 18:00:41','BarcodeReader data: 400377307511'),(1277,'2016-06-13 18:00:41','API Response: 400377307511;0;0;Pristup zamitnut'),(1279,'2016-06-13 18:00:41','Walking through quido address: 8e'),(1281,'2016-06-13 18:00:41','Walking through relay address: 87'),(1283,'2016-06-13 18:00:41','Message 1 (2a6100078e012309872b0d) added to queue'),(1285,'2016-06-13 18:00:41','Message 2 (2a6100167a01900150726973747570207a616d69746e7574bf0d) added to queue'),(1287,'2016-06-13 18:00:41','Incomplete message'),(1289,'2016-06-13 18:00:41','Spinel data: 2a6100058e0100e00d'),(1291,'2016-06-13 18:00:41','Message instruction 00 - ACK (Device 8e)'),(1293,'2016-06-14 10:52:28','Spinel data: 2a61000578f3f3110d'),(1295,'2016-06-14 10:52:28','Message instruction UNKNOWN! (f3)'),(1297,'2016-06-14 10:52:28','Spinel data: 2a61000579f3f3100d'),(1299,'2016-06-14 10:52:28','Message instruction UNKNOWN! (f3)'),(1301,'2016-06-14 10:52:28','Spinel data: 2a6100057af3f30f0d'),(1303,'2016-06-14 10:52:28','Message instruction UNKNOWN! (f3)'),(1305,'2016-06-14 10:52:28','BarcodeReader data: '),(1307,'2016-06-14 10:52:28','API Response: '),(1309,'2016-06-14 10:52:28','Walking through quido address: 8c'),(1311,'2016-06-14 10:52:28','Exception: Failed to fetch relays'),(1313,'2016-06-14 10:52:28','Spinel data: 2a61000579f3f3100d'),(1315,'2016-06-14 10:52:28','Message instruction UNKNOWN! (f3)'),(1317,'2016-06-14 10:52:28','Spinel data: 2a6100057af3f30f0d'),(1319,'2016-06-14 10:52:28','Message instruction UNKNOWN! (f3)'),(1321,'2016-06-14 10:52:29','Spinel data: 2a61000578f3f3110d'),(1323,'2016-06-14 10:52:29','Message instruction UNKNOWN! (f3)'),(1325,'2016-06-14 10:52:29','Spinel data: 2a61000579f3f3100d'),(1327,'2016-06-14 10:52:29','Message instruction UNKNOWN! (f3)'),(1329,'2016-06-14 10:52:29','Spinel data: 2a6100057af3f30f0d'),(1331,'2016-06-14 10:52:29','Message instruction UNKNOWN! (f3)'),(1333,'2016-06-14 10:52:29','Spinel data: 2a61000578f3f3110d'),(1335,'2016-06-14 10:52:29','Message instruction UNKNOWN! (f3)'),(1337,'2016-06-14 10:52:29','Spinel data: 2a61000579f3f3100d'),(1339,'2016-06-14 10:52:29','Message instruction UNKNOWN! (f3)'),(1341,'2016-06-14 10:52:29','Spinel data: 2a6100057af3f30f0d'),(1343,'2016-06-14 10:52:29','Message instruction UNKNOWN! (f3)'),(1345,'2016-06-14 10:52:29','BarcodeReader data: *a\0x'),(1347,'2016-06-14 10:52:29','API Response: '),(1349,'2016-06-14 10:52:29','Walking through quido address: 8c'),(1351,'2016-06-14 10:52:29','Exception: Failed to fetch relays'),(1353,'2016-06-14 10:52:29','Spinel data: 2a61000579f3f3100d'),(1355,'2016-06-14 10:52:29','Message instruction UNKNOWN! (f3)'),(1357,'2016-06-14 10:52:29','Spinel data: 2a61002479f300444953503230303252533b2076303537342e30322e31303b20663636203937ce0d'),(1359,'2016-06-14 10:52:30','Message instruction 00 - ACK (Device 79)'),(1361,'2016-06-14 10:52:30','Spinel data: 2a6100057af3f30f0d'),(1363,'2016-06-14 10:52:30','Message instruction UNKNOWN! (f3)'),(1365,'2016-06-14 10:52:30','Spinel data: 2a6100057900e4120d'),(1367,'2016-06-14 10:52:30','Message instruction UNKNOWN! (e4)'),(1369,'2016-06-14 10:52:30','Spinel data: 2a610005790000f60d'),(1371,'2016-06-14 10:52:30','Message instruction 00 - ACK (Device 79)'),(1373,'2016-06-14 10:52:30','Spinel data: 2a6100077901e07806950d'),(1375,'2016-06-14 10:52:30','Message instruction UNKNOWN! (e0)'),(1377,'2016-06-14 10:52:30','Spinel data: 2a610005790100f50d'),(1379,'2016-06-14 10:52:30','Message instruction 00 - ACK (Device 79)'),(1381,'2016-06-14 10:52:30','Spinel data: 2a61000578f3f3110d'),(1383,'2016-06-14 10:52:30','Message instruction UNKNOWN! (f3)'),(1385,'2016-06-14 10:52:30','Spinel data: 2a61002478f300444953503230303252533b2076303537342e30322e31303b20663636203937cf0d'),(1387,'2016-06-14 10:52:30','Message instruction 00 - ACK (Device 78)'),(1389,'2016-06-14 10:52:30','Spinel data: 2a61000579f3f3100d'),(1391,'2016-06-14 10:52:30','Message instruction UNKNOWN! (f3)'),(1393,'2016-06-14 10:52:30','Spinel data: 2a6100057af3f30f0d'),(1395,'2016-06-14 10:52:30','Message instruction UNKNOWN! (f3)'),(1397,'2016-06-14 10:52:30','Spinel data: 2a61000578f3f3110d'),(1399,'2016-06-14 10:52:31','Message instruction UNKNOWN! (f3)'),(1401,'2016-06-14 10:52:31','Spinel data: 2a61002478f300444953503230303252533b2076303537342e30322e31303b20663636203937cf0d'),(1403,'2016-06-14 10:52:31','Message instruction 00 - ACK (Device 78)'),(1405,'2016-06-14 10:52:31','Spinel data: 2a61000578f3f3110d'),(1407,'2016-06-14 10:52:31','Message instruction UNKNOWN! (f3)'),(1409,'2016-06-14 10:52:31','Spinel data: 2a61002478f300444953503230303252533b2076303537342e30322e31303b20663636203937cf0d'),(1411,'2016-06-14 10:52:31','Message instruction 00 - ACK (Device 78)'),(1413,'2016-06-14 10:52:31','BarcodeReader data: 400377307511'),(1415,'2016-06-14 10:52:31','API Response: 400377307511;0;0;Pristup zamitnut'),(1417,'2016-06-14 10:52:31','Walking through quido address: 8c'),(1419,'2016-06-14 10:52:31','Message 1 (2a6100167801900150726973747570207a616d69746e7574c10d) added to queue'),(1421,'2016-06-14 10:52:31','Incomplete message'),(1423,'2016-06-14 10:52:31','Spinel data: 2a61000c64000c010467004a957d300d'),(1425,'2016-06-14 10:52:31','Message instruction 0c - WIE485 Card Reader'),(1427,'2016-06-14 10:52:31','Card Number: 67004a957d'),(1429,'2016-06-14 10:52:31','API Response: 67004a957d;0;0;Pristup zamitnut'),(1431,'2016-06-14 10:52:31','Walking through quido address: 8c'),(1433,'2016-06-14 10:52:31','Message 1 (2a6100167801900150726973747570207a616d69746e7574c10d) added to queue'),(1435,'2016-06-14 10:52:32','Spinel data: 2a610005780100f60d'),(1437,'2016-06-14 10:52:32','Message instruction 00 - ACK (Device 78)'),(1439,'2016-06-14 10:52:32','Spinel data: 2a610005780100f60d'),(1441,'2016-06-14 10:52:32','Message instruction 00 - ACK (Device 78)'),(1443,'2016-06-14 10:52:49','Spinel data: 2a61000c64010c010467004a957d2f0d'),(1445,'2016-06-14 10:52:49','Message instruction 0c - WIE485 Card Reader'),(1447,'2016-06-14 10:52:49','Card Number: 67004a957d'),(1449,'2016-06-14 10:52:49','API Response: 67004a957d;0;0;Pristup zamitnut'),(1451,'2016-06-14 10:52:49','Walking through quido address: 8c'),(1453,'2016-06-14 10:52:49','Message 1 (2a6100167801900150726973747570207a616d69746e7574c10d) added to queue'),(1455,'2016-06-14 10:52:49','Spinel data: 2a610005780100f60d'),(1457,'2016-06-14 10:52:49','Message instruction 00 - ACK (Device 78)'),(1459,'2016-06-14 10:55:05','Spinel data: 2a61000c64020c010467004a957d2e0d'),(1461,'2016-06-14 10:55:05','Message instruction 0c - WIE485 Card Reader'),(1463,'2016-06-14 10:55:05','Card Number: 67004A957D'),(1465,'2016-06-14 10:55:05','API Response: 67004A957D;1;0;Pristup povolen'),(1467,'2016-06-14 10:55:05','Walking through quido address: 8c'),(1469,'2016-06-14 10:55:05','Walking through relay address: 81'),(1471,'2016-06-14 10:55:06','Message 1 (2a6100078c01230A81320d) added to queue'),(1473,'2016-06-14 10:55:06','Message 2 (2a610015780190015072697374757020706f766f6c656e3b0d) added to queue'),(1475,'2016-06-14 10:55:06','Spinel data: 2a6100058c0100e20d'),(1477,'2016-06-14 10:55:06','Message instruction 00 - ACK (Device 8c)'),(1479,'2016-06-14 10:55:06','Spinel data: 2a610005780100f60d'),(1481,'2016-06-14 10:55:06','Message instruction 00 - ACK (Device 78)'),(1483,'2016-06-14 10:55:27','Spinel data: 2a61000c64030c010467004a957d2d0d'),(1485,'2016-06-14 10:55:27','Message instruction 0c - WIE485 Card Reader'),(1487,'2016-06-14 10:55:27','Card Number: 67004A957D'),(1489,'2016-06-14 10:55:27','API Response: 67004A957D;1;0;Pristup povolen'),(1491,'2016-06-14 10:55:27','Walking through quido address: 8c'),(1493,'2016-06-14 10:55:27','Walking through relay address: 81'),(1495,'2016-06-14 10:55:27','Message 1 (2a6100078c01230A81320d) added to queue'),(1497,'2016-06-14 10:55:27','Message 2 (2a610015780190015072697374757020706f766f6c656e3b0d) added to queue'),(1499,'2016-06-14 10:55:27','Spinel data: 2a6100058c0100e20d'),(1501,'2016-06-14 10:55:28','Message instruction 00 - ACK (Device 8c)'),(1503,'2016-06-14 10:55:28','Spinel data: 2a610005780100f60d'),(1505,'2016-06-14 10:55:28','Message instruction 00 - ACK (Device 78)'),(1507,'2016-06-14 10:55:35','Spinel data: 2a61000c64040c010467004a957d2c0d'),(1509,'2016-06-14 10:55:35','Message instruction 0c - WIE485 Card Reader'),(1511,'2016-06-14 10:55:35','Card Number: 67004A957D'),(1513,'2016-06-14 10:55:35','API Response: 67004A957D;1;0;Pristup povolen'),(1515,'2016-06-14 10:55:35','Walking through quido address: 8c'),(1517,'2016-06-14 10:55:35','Walking through relay address: 81'),(1519,'2016-06-14 10:55:35','Message 1 (2a6100078c01230A81320d) added to queue'),(1521,'2016-06-14 10:55:35','Message 2 (2a610015780190015072697374757020706f766f6c656e3b0d) added to queue'),(1523,'2016-06-14 10:55:35','Spinel data: 2a6100058c0100e20d'),(1525,'2016-06-14 10:55:35','Message instruction 00 - ACK (Device 8c)'),(1527,'2016-06-14 10:55:35','Spinel data: 2a610005780100f60d'),(1529,'2016-06-14 10:55:36','Message instruction 00 - ACK (Device 78)'),(1531,'2016-06-14 10:55:48','Spinel data: 2a61000c64050c010467004a957d2b0d'),(1533,'2016-06-14 10:55:48','Message instruction 0c - WIE485 Card Reader'),(1535,'2016-06-14 10:55:48','Card Number: 67004A957D'),(1537,'2016-06-14 10:55:48','API Response: 67004A957D;1;0;Pristup povolen'),(1539,'2016-06-14 10:55:48','Walking through quido address: 8c'),(1541,'2016-06-14 10:55:48','Walking through relay address: 81'),(1543,'2016-06-14 10:55:48','Message 1 (2a6100078c01230A81320d) added to queue'),(1545,'2016-06-14 10:55:48','Message 2 (2a610015780190015072697374757020706f766f6c656e3b0d) added to queue'),(1547,'2016-06-14 10:55:48','Spinel data: 2a6100058c0100e20d'),(1549,'2016-06-14 10:55:48','Message instruction 00 - ACK (Device 8c)'),(1551,'2016-06-14 10:55:48','Spinel data: 2a610005780100f60d'),(1553,'2016-06-14 10:55:48','Message instruction 00 - ACK (Device 78)'),(1555,'2016-06-14 10:58:15','Spinel data: 2a610007780294000a'),(1557,'2016-06-14 10:58:15','Message instruction UNKNOWN! (94)'),(1559,'2016-06-14 10:58:15','BarcodeReader data: '),(1561,'2016-06-14 10:58:15','API Response: ERR1: nezadan pozadovany parametr\n'),(1563,'2016-06-14 10:58:15','Walking through quido address: 8c'),(1565,'2016-06-14 10:58:15','Exception: Failed to fetch relays'),(1567,'2016-06-14 10:58:15','Spinel data: 2a610005780200f50d'),(1569,'2016-06-14 10:58:15','Message instruction 00 - ACK (Device 78)'),(1571,'2016-06-14 10:58:18','Spinel data: 2a610007780294000a'),(1573,'2016-06-14 10:58:18','Message instruction UNKNOWN! (94)'),(1575,'2016-06-14 10:58:18','BarcodeReader data: '),(1577,'2016-06-14 10:58:18','API Response: ERR1: nezadan pozadovany parametr\n'),(1579,'2016-06-14 10:58:18','Walking through quido address: 8c'),(1581,'2016-06-14 10:58:18','Exception: Failed to fetch relays'),(1583,'2016-06-14 10:58:18','Spinel data: 2a610005780200f50d'),(1585,'2016-06-14 10:58:18','Message instruction 00 - ACK (Device 78)'),(1587,'2016-06-14 10:58:36','Spinel data: 2a61000c64060c010467004a957d2a0d'),(1589,'2016-06-14 10:58:36','Message instruction 0c - WIE485 Card Reader'),(1591,'2016-06-14 10:58:36','Card Number: 67004A957D'),(1593,'2016-06-14 10:58:37','API Response: 67004A957D;1;0;Pristup povolen'),(1595,'2016-06-14 10:58:37','Walking through quido address: 8c'),(1597,'2016-06-14 10:58:37','Walking through relay address: 81'),(1599,'2016-06-14 10:58:37','Message 1 (2a6100078c01230A81320d) added to queue'),(1601,'2016-06-14 10:58:37','Message 2 (2a610015780190015072697374757020706f766f6c656e3b0d) added to queue'),(1603,'2016-06-14 10:58:37','Spinel data: 2a6100058c0100e20d'),(1605,'2016-06-14 10:58:37','Message instruction 00 - ACK (Device 8c)'),(1607,'2016-06-14 10:58:37','Spinel data: 2a610005780100f60d'),(1609,'2016-06-14 10:58:37','Message instruction 00 - ACK (Device 78)'),(1611,'2016-06-14 10:59:14','Spinel data: 2a61000778029400055a0d'),(1613,'2016-06-14 10:59:14','Message instruction UNKNOWN! (94)'),(1615,'2016-06-14 10:59:14','Spinel data: 2a610005780200f50d'),(1617,'2016-06-14 10:59:14','Message instruction 00 - ACK (Device 78)'),(1619,'2016-06-14 10:59:50','Spinel data: 2a61000c64070c010467004a957d290d'),(1621,'2016-06-14 10:59:50','Message instruction 0c - WIE485 Card Reader'),(1623,'2016-06-14 10:59:51','Card Number: 67004A957D'),(1625,'2016-06-14 10:59:51','API Response: 67004A957D;1;0;Pristup povolen'),(1627,'2016-06-14 10:59:51','Walking through quido address: 8c'),(1629,'2016-06-14 10:59:51','Walking through relay address: 81'),(1631,'2016-06-14 10:59:51','Message 1 (2a6100078c01230A81320d) added to queue'),(1633,'2016-06-14 10:59:51','Message 2 (2a610015780190015072697374757020706f766f6c656e3b0d) added to queue'),(1635,'2016-06-14 10:59:51','Spinel data: 2a6100058c0100e20d'),(1637,'2016-06-14 10:59:51','Message instruction 00 - ACK (Device 8c)'),(1639,'2016-06-14 10:59:51','Spinel data: 2a610005780100f60d'),(1641,'2016-06-14 10:59:51','Message instruction 00 - ACK (Device 78)'),(1643,'2016-06-14 11:02:06','Spinel data: 2a61000c64080c010467004a957d280d'),(1645,'2016-06-14 11:02:06','Message instruction 0c - WIE485 Card Reader'),(1647,'2016-06-14 11:02:06','Card Number: 67004A957D'),(1649,'2016-06-14 11:02:07','API Response: 67004A957D;1;0;Pristup povolen'),(1651,'2016-06-14 11:02:07','Walking through quido address: 8c'),(1653,'2016-06-14 11:02:07','Walking through relay address: 81'),(1655,'2016-06-14 11:02:07','Message 1 (2a6100078c01230A81320d) added to queue'),(1657,'2016-06-14 11:02:07','Message 2 (2a610015780190015072697374757020706f766f6c656e3b0d) added to queue'),(1659,'2016-06-14 11:02:07','Spinel data: 2a6100058c0100e20d'),(1661,'2016-06-14 11:02:07','Message instruction 00 - ACK (Device 8c)'),(1663,'2016-06-14 11:02:07','Spinel data: 2a610005780100f60d'),(1665,'2016-06-14 11:02:07','Message instruction 00 - ACK (Device 78)'),(1667,'2016-06-14 11:11:58','Spinel data: 2a61000c64110c010467004a957d1f0d'),(1669,'2016-06-14 11:11:58','Message instruction 0c - WIE485 Card Reader'),(1671,'2016-06-14 11:11:59','Card Number: 67004A957D'),(1673,'2016-06-14 11:11:59','API Response: 67004A957D;1;0;Pristup povolen'),(1675,'2016-06-14 11:11:59','Walking through quido address: 8c'),(1677,'2016-06-14 11:11:59','Walking through relay address: 81'),(1679,'2016-06-14 11:11:59','Message 1 (2a6100078c01230A81320d) added to queue'),(1681,'2016-06-14 11:11:59','Message 2 (2a610015780190015072697374757020706f766f6c656e3b0d) added to queue'),(1683,'2016-06-14 11:11:59','Spinel data: 2a61000c64120c010467004a957d1e0d'),(1685,'2016-06-14 11:11:59','Message instruction 0c - WIE485 Card Reader'),(1687,'2016-06-14 11:11:59','Card Number: 67004A957D'),(1689,'2016-06-14 11:11:59','API Response: 67004A957D;1;0;Pristup povolen'),(1691,'2016-06-14 11:11:59','Walking through quido address: 8c'),(1693,'2016-06-14 11:11:59','Walking through relay address: 81'),(1695,'2016-06-14 11:12:00','Message 1 (2a6100078c01230A81320d) added to queue'),(1697,'2016-06-14 11:12:00','Message 2 (2a610015780190015072697374757020706f766f6c656e3b0d) added to queue'),(1699,'2016-06-14 11:12:00','Spinel data: 2a61000c64130c010467004a957d1d0d'),(1701,'2016-06-14 11:12:00','Message instruction 0c - WIE485 Card Reader'),(1703,'2016-06-14 11:12:00','Card Number: 67004A957D'),(1705,'2016-06-14 11:12:00','API Response: 67004A957D;1;0;Pristup povolen'),(1707,'2016-06-14 11:12:00','Walking through quido address: 8c'),(1709,'2016-06-14 11:12:00','Walking through relay address: 81'),(1711,'2016-06-14 11:12:00','Message 1 (2a6100078c01230A81320d) added to queue'),(1713,'2016-06-14 11:12:00','Message 2 (2a610015780190015072697374757020706f766f6c656e3b0d) added to queue'),(1715,'2016-06-14 11:12:00','Spinel data: 2a61000c64140c010467004a957d1c0d'),(1717,'2016-06-14 11:12:00','Message instruction 0c - WIE485 Card Reader'),(1719,'2016-06-14 11:12:00','Card Number: 67004A957D'),(1721,'2016-06-14 11:12:01','API Response: 67004A957D;1;0;Pristup povolen'),(1723,'2016-06-14 11:12:01','Walking through quido address: 8c'),(1725,'2016-06-14 11:12:01','Walking through relay address: 81'),(1727,'2016-06-14 11:12:01','Message 1 (2a6100078c01230A81320d) added to queue'),(1729,'2016-06-14 11:12:01','Message 2 (2a610015780190015072697374757020706f766f6c656e3b0d) added to queue'),(1731,'2016-06-14 11:12:01','Spinel data: 2a6100058c0100e20d'),(1733,'2016-06-14 11:12:01','Message instruction 00 - ACK (Device 8c)'),(1735,'2016-06-14 11:12:01','Spinel data: 2a610005780100f60d'),(1737,'2016-06-14 11:12:01','Message instruction 00 - ACK (Device 78)'),(1739,'2016-06-14 11:12:01','Spinel data: 2a6100058c0100e20d'),(1741,'2016-06-14 11:12:01','Message instruction 00 - ACK (Device 8c)'),(1743,'2016-06-14 11:12:01','Spinel data: 2a610005780100f60d'),(1745,'2016-06-14 11:12:01','Message instruction 00 - ACK (Device 78)'),(1747,'2016-06-14 11:12:01','Spinel data: 2a6100058c0100e20d'),(1749,'2016-06-14 11:12:01','Message instruction 00 - ACK (Device 8c)'),(1751,'2016-06-14 11:12:01','Spinel data: 2a610005780100f60d'),(1753,'2016-06-14 11:12:01','Message instruction 00 - ACK (Device 78)'),(1755,'2016-06-14 11:12:01','Spinel data: 2a6100058c0100e20d'),(1757,'2016-06-14 11:12:01','Message instruction 00 - ACK (Device 8c)'),(1759,'2016-06-14 11:12:01','Spinel data: 2a610005780100f60d'),(1761,'2016-06-14 11:12:01','Message instruction 00 - ACK (Device 78)'),(1763,'2016-06-14 11:12:09','Spinel data: 2a61000c64150c010467004a957d1b0d'),(1765,'2016-06-14 11:12:10','Message instruction 0c - WIE485 Card Reader'),(1767,'2016-06-14 11:12:10','Card Number: 67004A957D'),(1769,'2016-06-14 11:12:10','API Response: 67004A957D;1;0;Pristup povolen'),(1771,'2016-06-14 11:12:10','Walking through quido address: 8c'),(1773,'2016-06-14 11:12:10','Walking through relay address: 81'),(1775,'2016-06-14 11:12:10','Message 1 (2a6100078c01230A81320d) added to queue'),(1777,'2016-06-14 11:12:10','Message 2 (2a610015780190015072697374757020706f766f6c656e3b0d) added to queue'),(1779,'2016-06-14 11:12:10','Spinel data: 2a61000c64160c010467004a957d1a0d'),(1781,'2016-06-14 11:12:11','Message instruction 0c - WIE485 Card Reader'),(1783,'2016-06-14 11:12:11','Card Number: 67004A957D'),(1785,'2016-06-14 11:12:11','API Response: 67004A957D;1;0;Pristup povolen'),(1787,'2016-06-14 11:12:11','Walking through quido address: 8c'),(1789,'2016-06-14 11:12:11','Walking through relay address: 81'),(1791,'2016-06-14 11:12:11','Message 1 (2a6100078c01230A81320d) added to queue'),(1793,'2016-06-14 11:12:11','Message 2 (2a610015780190015072697374757020706f766f6c656e3b0d) added to queue'),(1795,'2016-06-14 11:12:11','Spinel data: 2a6100058c0100e20d'),(1797,'2016-06-14 11:12:11','Message instruction 00 - ACK (Device 8c)'),(1799,'2016-06-14 11:12:11','Spinel data: 2a610005780100f60d'),(1801,'2016-06-14 11:12:11','Message instruction 00 - ACK (Device 78)'),(1803,'2016-06-14 11:12:11','Spinel data: 2a6100058c0100e20d'),(1805,'2016-06-14 11:12:11','Message instruction 00 - ACK (Device 8c)'),(1807,'2016-06-14 11:12:11','Spinel data: 2a610005780100f60d'),(1809,'2016-06-14 11:12:11','Message instruction 00 - ACK (Device 78)'),(1811,'2016-06-14 11:12:17','Spinel data: 2a61000c64170c010467004a957d190d'),(1813,'2016-06-14 11:12:19','Message instruction 0c - WIE485 Card Reader'),(1815,'2016-06-14 11:12:19','Card Number: 67004A957D'),(1817,'2016-06-14 11:12:19','API Response: 67004A957D;1;0;Pristup povolen'),(1819,'2016-06-14 11:12:19','Walking through quido address: 8c'),(1821,'2016-06-14 11:12:19','Walking through relay address: 81'),(1823,'2016-06-14 11:12:19','Message 1 (2a6100078c01230A81320d) added to queue'),(1825,'2016-06-14 11:12:19','Message 2 (2a610015780190015072697374757020706f766f6c656e3b0d) added to queue'),(1827,'2016-06-14 11:12:19','Spinel data: 2a6100058c0100e20d'),(1829,'2016-06-14 11:12:19','Message instruction 00 - ACK (Device 8c)'),(1831,'2016-06-14 11:12:20','Spinel data: 2a610005780100f60d'),(1833,'2016-06-14 11:12:20','Message instruction 00 - ACK (Device 78)'),(1835,'2016-06-14 13:00:31','Spinel data: 2a61000c64180c010467004a957d180d'),(1837,'2016-06-14 13:00:31','Message instruction 0c - WIE485 Card Reader'),(1839,'2016-06-14 13:00:31','Card Number: 67004A957D'),(1841,'2016-06-14 13:00:31','API Response: 67004A957D;1;0;Pristup povolen'),(1843,'2016-06-14 13:00:31','Walking through quido address: 8c'),(1845,'2016-06-14 13:00:31','Walking through relay address: 81'),(1847,'2016-06-14 13:00:31','Message 1 (2a6100078c01230A81320d) added to queue'),(1849,'2016-06-14 13:00:31','Message 2 (2a610015780190015072697374757020706f766f6c656e3b0d) added to queue'),(1851,'2016-06-14 13:00:32','Spinel data: 2a6100058c0100e20d'),(1853,'2016-06-14 13:00:32','Message instruction 00 - ACK (Device 8c)'),(1855,'2016-06-14 13:00:32','Spinel data: 2a610005780100f60d'),(1857,'2016-06-14 13:00:32','Message instruction 00 - ACK (Device 78)'),(1859,'2016-06-14 13:13:57','Spinel data: 2a61000c66000c010467004a957d2e0d'),(1861,'2016-06-14 13:13:57','Message instruction 0c - WIE485 Card Reader'),(1863,'2016-06-14 13:13:57','Card Number: 67004A957D'),(1865,'2016-06-14 13:13:58','API Response: 67004A957D;1;0;Pristup povolen'),(1867,'2016-06-14 13:13:58','Walking through quido address: 8e'),(1869,'2016-06-14 13:13:58','Walking through relay address: 87'),(1871,'2016-06-14 13:13:58','Message 1 (2a6100078e012309872b0d) added to queue'),(1873,'2016-06-14 13:13:58','Message 2 (2a6100157a0190015072697374757020706f766f6c656e390d) added to queue'),(1875,'2016-06-14 13:13:58','Spinel data: 2a61000c66010c010467004a957d2d0d'),(1877,'2016-06-14 13:13:58','Message instruction 0c - WIE485 Card Reader'),(1879,'2016-06-14 13:13:58','Card Number: 67004A957D'),(1881,'2016-06-14 13:13:58','API Response: 67004A957D;1;0;Pristup povolen'),(1883,'2016-06-14 13:13:58','Walking through quido address: 8e'),(1885,'2016-06-14 13:13:58','Walking through relay address: 87'),(1887,'2016-06-14 13:13:58','Message 1 (2a6100078e012309872b0d) added to queue'),(1889,'2016-06-14 13:13:58','Message 2 (2a6100157a0190015072697374757020706f766f6c656e390d) added to queue'),(1891,'2016-06-14 13:13:58','Spinel data: 2a61000c66020c010467004a957d2c0d'),(1893,'2016-06-14 13:13:59','Message instruction 0c - WIE485 Card Reader'),(1895,'2016-06-14 13:13:59','Card Number: 67004A957D'),(1897,'2016-06-14 13:13:59','API Response: 67004A957D;1;0;Pristup povolen'),(1899,'2016-06-14 13:13:59','Walking through quido address: 8e'),(1901,'2016-06-14 13:13:59','Walking through relay address: 87'),(1903,'2016-06-14 13:13:59','Message 1 (2a6100078e012309872b0d) added to queue'),(1905,'2016-06-14 13:13:59','Message 2 (2a6100157a0190015072697374757020706f766f6c656e390d) added to queue'),(1907,'2016-06-14 13:13:59','Spinel data: 2a6100058e0100e00d'),(1909,'2016-06-14 13:13:59','Message instruction 00 - ACK (Device 8e)'),(1911,'2016-06-14 13:13:59','Spinel data: 2a6100058e0100e00d'),(1913,'2016-06-14 13:13:59','Message instruction 00 - ACK (Device 8e)'),(1915,'2016-06-14 13:13:59','Spinel data: 2a6100058e0100e00d'),(1917,'2016-06-14 13:13:59','Message instruction 00 - ACK (Device 8e)'),(1919,'2016-06-14 13:13:59','Spinel data: 2a61000c641b0c010467004a957d150d'),(1921,'2016-06-14 13:14:00','Message instruction 0c - WIE485 Card Reader'),(1923,'2016-06-14 13:14:00','Card Number: 67004A957D'),(1925,'2016-06-14 13:14:00','API Response: 67004A957D;1;0;Pristup povolen'),(1927,'2016-06-14 13:14:00','Walking through quido address: 8c'),(1929,'2016-06-14 13:14:00','Walking through relay address: 81'),(1931,'2016-06-14 13:14:00','Message 1 (2a6100078c01230A81320d) added to queue'),(1933,'2016-06-14 13:14:00','Message 2 (2a610015780190015072697374757020706f766f6c656e3b0d) added to queue'),(1935,'2016-06-14 13:14:00','Spinel data: 2a6100058c0100e20d'),(1937,'2016-06-14 13:14:00','Message instruction 00 - ACK (Device 8c)'),(1939,'2016-06-14 13:14:00','Spinel data: 2a610005780100f60d'),(1941,'2016-06-14 13:14:00','Message instruction 00 - ACK (Device 78)'),(1943,'2016-06-14 13:14:12','Spinel data: 2a61000c66030c010467004a957d2b0d'),(1945,'2016-06-14 13:14:12','Message instruction 0c - WIE485 Card Reader'),(1947,'2016-06-14 13:14:12','Card Number: 67004A957D'),(1949,'2016-06-14 13:14:12','API Response: 67004A957D;1;0;Pristup povolen'),(1951,'2016-06-14 13:14:12','Walking through quido address: 8e'),(1953,'2016-06-14 13:14:12','Walking through relay address: 87'),(1955,'2016-06-14 13:14:12','Message 1 (2a6100078e012309872b0d) added to queue'),(1957,'2016-06-14 13:14:12','Message 2 (2a6100157a0190015072697374757020706f766f6c656e390d) added to queue'),(1959,'2016-06-14 13:14:12','Spinel data: 2a6100058e0100e00d'),(1961,'2016-06-14 13:14:12','Message instruction 00 - ACK (Device 8e)'),(1963,'2016-06-14 13:14:19','Spinel data: 2a61000c66040c010467004a957d2a0d'),(1965,'2016-06-14 13:14:19','Message instruction 0c - WIE485 Card Reader'),(1967,'2016-06-14 13:14:19','Card Number: 67004A957D'),(1969,'2016-06-14 13:14:19','API Response: 67004A957D;1;0;Pristup povolen'),(1971,'2016-06-14 13:14:19','Walking through quido address: 8e'),(1973,'2016-06-14 13:14:19','Walking through relay address: 87'),(1975,'2016-06-14 13:14:19','Message 1 (2a6100078e012309872b0d) added to queue'),(1977,'2016-06-14 13:14:20','Message 2 (2a6100157a0190015072697374757020706f766f6c656e390d) added to queue'),(1979,'2016-06-14 13:14:20','Spinel data: 2a6100058e0100e00d'),(1981,'2016-06-14 13:14:20','Message instruction 00 - ACK (Device 8e)'),(1983,'2016-06-14 13:14:51','Spinel data: 2a61000c641c0c010467004a957d140d'),(1985,'2016-06-14 13:14:52','Message instruction 0c - WIE485 Card Reader'),(1987,'2016-06-14 13:14:52','Card Number: 67004A957D'),(1989,'2016-06-14 13:14:52','API Response: 67004A957D;1;0;Pristup povolen'),(1991,'2016-06-14 13:14:52','Walking through quido address: 8c'),(1993,'2016-06-14 13:14:52','Walking through relay address: 81'),(1995,'2016-06-14 13:14:53','Message 1 (2a6100078c01230A81320d) added to queue'),(1997,'2016-06-14 13:14:53','Message 2 (2a610015780190015072697374757020706f766f6c656e3b0d) added to queue'),(1999,'2016-06-14 13:14:53','Spinel data: 2a6100058c0100e20d'),(2001,'2016-06-14 13:14:53','Message instruction 00 - ACK (Device 8c)'),(2003,'2016-06-14 13:14:53','Spinel data: 2a610005780100f60d'),(2005,'2016-06-14 13:14:53','Message instruction 00 - ACK (Device 78)'),(2007,'2016-06-14 13:15:01','Spinel data: 2a61000c641d0c010467004a957d130d'),(2009,'2016-06-14 13:15:01','Message instruction 0c - WIE485 Card Reader'),(2011,'2016-06-14 13:15:01','Card Number: 67004A957D'),(2013,'2016-06-14 13:15:01','API Response: 67004A957D;1;0;Pristup povolen'),(2015,'2016-06-14 13:15:01','Walking through quido address: 8c'),(2017,'2016-06-14 13:15:01','Walking through relay address: 81'),(2019,'2016-06-14 13:15:01','Message 1 (2a6100078c01230A81320d) added to queue'),(2021,'2016-06-14 13:15:01','Message 2 (2a610015780190015072697374757020706f766f6c656e3b0d) added to queue'),(2023,'2016-06-14 13:15:01','Spinel data: 2a6100058c0100e20d'),(2025,'2016-06-14 13:15:01','Message instruction 00 - ACK (Device 8c)'),(2027,'2016-06-14 13:15:01','Spinel data: 2a610005780100f60d'),(2029,'2016-06-14 13:15:01','Message instruction 00 - ACK (Device 78)'),(2031,'2016-06-14 13:15:07','Spinel data: 2a61000c641e0c010467004a957d120d'),(2033,'2016-06-14 13:15:07','Message instruction 0c - WIE485 Card Reader'),(2035,'2016-06-14 13:15:07','Card Number: 67004A957D'),(2037,'2016-06-14 13:15:07','API Response: 67004A957D;1;0;Pristup povolen'),(2039,'2016-06-14 13:15:07','Walking through quido address: 8c'),(2041,'2016-06-14 13:15:07','Walking through relay address: 81'),(2043,'2016-06-14 13:15:07','Message 1 (2a6100078c01230A81320d) added to queue'),(2045,'2016-06-14 13:15:07','Message 2 (2a610015780190015072697374757020706f766f6c656e3b0d) added to queue'),(2047,'2016-06-14 13:15:08','Spinel data: 2a6100058c0100e20d'),(2049,'2016-06-14 13:15:08','Message instruction 00 - ACK (Device 8c)'),(2051,'2016-06-14 13:15:08','Spinel data: 2a610005780100f60d'),(2053,'2016-06-14 13:15:08','Message instruction 00 - ACK (Device 78)'),(2055,'2016-06-14 13:15:17','Spinel data: 2a61000c66050c010467004a957d290d'),(2057,'2016-06-14 13:15:19','Message instruction 0c - WIE485 Card Reader'),(2059,'2016-06-14 13:15:19','Card Number: 67004A957D'),(2061,'2016-06-14 13:15:19','API Response: 67004A957D;1;0;Pristup povolen'),(2063,'2016-06-14 13:15:19','Walking through quido address: 8e'),(2065,'2016-06-14 13:15:19','Walking through relay address: 87'),(2067,'2016-06-14 13:15:19','Message 1 (2a6100078e012309872b0d) added to queue'),(2069,'2016-06-14 13:15:19','Message 2 (2a6100157a0190015072697374757020706f766f6c656e390d) added to queue'),(2071,'2016-06-14 13:15:19','Spinel data: 2a6100058e0100e00d'),(2073,'2016-06-14 13:15:19','Message instruction 00 - ACK (Device 8e)'),(2075,'2016-06-14 13:55:40','Spinel data: 2a61000c64000c010467004a957d300d'),(2077,'2016-06-14 13:55:40','Message instruction 0c - WIE485 Card Reader'),(2079,'2016-06-14 13:55:40','Card Number: 67004A957D'),(2081,'2016-06-14 13:55:41','API Response: 67004A957D;1;0;Pristup povolen'),(2083,'2016-06-14 13:55:41','Walking through quido address: 8c'),(2085,'2016-06-14 13:55:41','Walking through relay address: 81'),(2087,'2016-06-14 13:55:41','Message 1 (2a6100078c01230A81320d) added to queue'),(2089,'2016-06-14 13:55:41','Message 2 (2a610015780190015072697374757020706f766f6c656e3b0d) added to queue'),(2091,'2016-06-14 13:55:41','Spinel data: 2a6100058c0100e20d'),(2093,'2016-06-14 13:55:41','Message instruction 00 - ACK (Device 8c)'),(2095,'2016-06-14 13:55:41','Spinel data: 2a610005780100f60d'),(2097,'2016-06-14 13:55:41','Message instruction 00 - ACK (Device 78)'),(2099,'2016-06-14 13:56:13','Spinel data: 2a61000c64010c010467004a957d2f0d'),(2101,'2016-06-14 13:56:13','Message instruction 0c - WIE485 Card Reader'),(2103,'2016-06-14 13:56:13','Card Number: 67004A957D'),(2105,'2016-06-14 13:56:14','API Response: 67004A957D;1;0;Pristup povolen'),(2107,'2016-06-14 13:56:14','Walking through quido address: 8c'),(2109,'2016-06-14 13:56:14','Walking through relay address: 81'),(2111,'2016-06-14 13:56:14','Message 1 (2a6100078c01230A81320d) added to queue'),(2113,'2016-06-14 13:56:14','Message 2 (2a610015780190015072697374757020706f766f6c656e3b0d) added to queue'),(2115,'2016-06-14 13:56:14','Spinel data: 2a6100058c0100e20d'),(2117,'2016-06-14 13:56:14','Message instruction 00 - ACK (Device 8c)'),(2119,'2016-06-14 13:56:14','Spinel data: 2a610005780100f60d'),(2121,'2016-06-14 13:56:14','Message instruction 00 - ACK (Device 78)'),(2123,'2016-06-14 13:56:21','Spinel data: 2a61000c64020c010467004a957d2e0d'),(2125,'2016-06-14 13:56:21','Message instruction 0c - WIE485 Card Reader'),(2127,'2016-06-14 13:56:21','Card Number: 67004A957D'),(2129,'2016-06-14 13:56:21','API Response: 67004A957D;1;0;Pristup povolen'),(2131,'2016-06-14 13:56:21','Walking through quido address: 8c'),(2133,'2016-06-14 13:56:21','Walking through relay address: 81'),(2135,'2016-06-14 13:56:21','Message 1 (2a6100078c01230A81320d) added to queue'),(2137,'2016-06-14 13:56:21','Message 2 (2a610015780190015072697374757020706f766f6c656e3b0d) added to queue'),(2139,'2016-06-14 13:56:22','Spinel data: 2a6100058c0100e20d'),(2141,'2016-06-14 13:56:22','Message instruction 00 - ACK (Device 8c)'),(2143,'2016-06-14 13:56:22','Spinel data: 2a610005780100f60d'),(2145,'2016-06-14 13:56:22','Message instruction 00 - ACK (Device 78)'),(2147,'2016-06-14 14:51:21','BarcodeReader data: 13336'),(2149,'2016-06-14 14:51:23','API Response: 13336;0;0;Pristup zamitnut'),(2151,'2016-06-14 14:51:23','Walking through quido address: 8c'),(2153,'2016-06-14 14:51:23','Message 1 (2a6100167801900150726973747570207a616d69746e7574c10d) added to queue'),(2155,'2016-06-14 14:51:23','Incomplete message'),(2157,'2016-06-14 14:51:23','Spinel data: 2a610005780100f60d'),(2159,'2016-06-14 14:51:23','Message instruction 00 - ACK (Device 78)'),(2161,'2016-06-14 14:54:25','BarcodeReader data: 91229'),(2163,'2016-06-14 14:54:25','API Response: 91229;0;0;Pristup zamitnut'),(2165,'2016-06-14 14:54:25','Walking through quido address: 8c'),(2167,'2016-06-14 14:54:25','Message 1 (2a6100167801900150726973747570207a616d69746e7574c10d) added to queue'),(2169,'2016-06-14 14:54:26','Incomplete message'),(2171,'2016-06-14 14:54:26','Spinel data: 2a610005780100f60d'),(2173,'2016-06-14 14:54:26','Message instruction 00 - ACK (Device 78)'),(2175,'2016-06-14 17:00:24','Spinel data: 2a61000c64030c010467004a957d2d0d'),(2177,'2016-06-14 17:00:25','Message instruction 0c - WIE485 Card Reader'),(2179,'2016-06-14 17:00:25','Card Number: 67004A957D'),(2181,'2016-06-14 17:00:25','API Response: 67004A957D;0;0;Pristup zamitnut'),(2183,'2016-06-14 17:00:25','Walking through quido address: 8c'),(2185,'2016-06-14 17:00:25','Message 1 (2a6100167801900150726973747570207a616d69746e7574c10d) added to queue'),(2187,'2016-06-14 17:00:25','Spinel data: 2a610005780100f60d'),(2189,'2016-06-14 17:00:25','Message instruction 00 - ACK (Device 78)'),(2191,'2016-06-14 17:00:34','Spinel data: 2a61000c64040c010467004a957d2c0d'),(2193,'2016-06-14 17:00:34','Message instruction 0c - WIE485 Card Reader'),(2195,'2016-06-14 17:00:34','Card Number: 67004A957D'),(2197,'2016-06-14 17:00:34','API Response: 67004A957D;0;0;Pristup zamitnut'),(2199,'2016-06-14 17:00:34','Walking through quido address: 8c'),(2201,'2016-06-14 17:00:34','Message 1 (2a6100167801900150726973747570207a616d69746e7574c10d) added to queue'),(2203,'2016-06-14 17:00:34','Spinel data: 2a610005780100f60d'),(2205,'2016-06-14 17:00:34','Message instruction 00 - ACK (Device 78)'),(2207,'2016-06-14 17:00:38','Spinel data: 2a61000c64050c010467004a957d2b0d'),(2209,'2016-06-14 17:00:38','Message instruction 0c - WIE485 Card Reader'),(2211,'2016-06-14 17:00:38','Card Number: 67004A957D'),(2213,'2016-06-14 17:00:38','API Response: 67004A957D;0;0;Pristup zamitnut'),(2215,'2016-06-14 17:00:38','Walking through quido address: 8c'),(2217,'2016-06-14 17:00:38','Message 1 (2a6100167801900150726973747570207a616d69746e7574c10d) added to queue'),(2219,'2016-06-14 17:00:39','Spinel data: 2a610005780100f60d'),(2221,'2016-06-14 17:00:39','Message instruction 00 - ACK (Device 78)'),(2223,'2016-06-14 17:00:41','Spinel data: 2a61000c64060c010467004a957d2a0d'),(2225,'2016-06-14 17:00:41','Message instruction 0c - WIE485 Card Reader'),(2227,'2016-06-14 17:00:41','Card Number: 67004A957D'),(2229,'2016-06-14 17:00:41','API Response: 67004A957D;0;0;Pristup zamitnut'),(2231,'2016-06-14 17:00:41','Walking through quido address: 8c'),(2233,'2016-06-14 17:00:42','Message 1 (2a6100167801900150726973747570207a616d69746e7574c10d) added to queue'),(2235,'2016-06-14 17:00:42','Spinel data: 2a610005780100f60d'),(2237,'2016-06-14 17:00:42','Message instruction 00 - ACK (Device 78)'),(2239,'2016-06-22 09:57:01','Spinel data: 2a61000c64000c010467004a85a21b0d'),(2241,'2016-06-22 09:57:01','Message instruction 0c - WIE485 Card Reader'),(2243,'2016-06-22 09:57:01','Card Number: 67004A85A2'),(2245,'2016-06-22 09:57:09','API Response: 67004A85A2;1;0;Pristup povolen'),(2247,'2016-06-22 09:57:15','Walking through quido address: 8c'),(2249,'2016-06-22 09:57:17','Walking through relay address: 81'),(2251,'2016-06-22 09:57:17','Message 1 (2a6100078c01230A81320d) added to queue'),(2253,'2016-06-22 09:57:17','Message 2 (2a610015780190015072697374757020706f766f6c656e3b0d) added to queue'),(2255,'2016-06-22 11:04:10','Incomplete message'),(2257,'2016-06-22 11:04:17','Incomplete message'),(2259,'2016-06-22 11:04:25','Incomplete message'),(2261,'2016-06-22 11:49:29','Spinel data: 2a61000c66010c010467004a85a2180d'),(2263,'2016-06-22 11:49:35','Message instruction 0c - WIE485 Card Reader'),(2265,'2016-06-22 11:49:43','Card Number: 67004A85A2'),(2267,'2016-06-22 11:50:49','API Response: '),(2269,'2016-06-22 11:50:49','Walking through quido address: 8e'),(2271,'2016-06-22 11:50:49','Exception: Failed to fetch relays'),(2273,'2016-06-22 11:50:49','Spinel data: 2a61000c66020c010467004a85a2170d'),(2275,'2016-06-22 11:50:49','Message instruction 0c - WIE485 Card Reader'),(2277,'2016-06-22 11:50:49','Card Number: 67004A85A2'),(2279,'2016-06-22 11:51:49','API Response: '),(2281,'2016-06-22 11:51:50','Walking through quido address: 8e'),(2283,'2016-06-22 11:51:58','Exception: Failed to fetch relays'),(2285,'2016-06-22 12:25:12','Spinel data: 2a61000c64000c010467004a85a21b0d'),(2287,'2016-06-22 12:25:12','Message instruction 0c - WIE485 Card Reader'),(2289,'2016-06-22 12:25:12','Card Number: 67004A85A2'),(2291,'2016-06-26 13:10:52','Spinel data: 2a61000c640c0c010467004a957d240d'),(2293,'2016-06-26 13:10:52','Spinel data: 2a6100058c0100e20d'),(2295,'2016-06-26 13:10:52','Spinel data: 2a610005780100f60d'),(2297,'2016-06-26 13:11:07','Spinel data: 2a61000c640d'),(2299,'2016-06-26 13:11:42','Spinel data: 2a61000c640f0c010467004a957d210d'),(2301,'2016-06-26 13:11:42','Spinel data: 2a6100058c0100e20d'),(2303,'2016-06-26 13:11:42','Spinel data: 2a610005780100f60d'),(2305,'2016-06-26 13:11:52','Spinel data: 2a61000c64100c010467004a957d200d'),(2307,'2016-06-26 13:11:58','Spinel data: 2a6100058c0100e20d'),(2309,'2016-06-26 13:12:04','Spinel data: 2a610005780100f60d'),(2311,'2016-06-26 13:12:11','Spinel data: 2a61000c64110c010467004a957d1f0d'),(2313,'2016-06-26 13:12:17','Spinel data: 2a6100058c0100e20d'),(2315,'2016-06-26 13:12:26','Spinel data: 2a610005780100f60d'),(2317,'2016-06-26 14:21:44','BarcodeReader data: 400377307511'),(2319,'2016-06-26 14:21:46','Incomplete message'),(2321,'2016-06-26 14:33:20','BarcodeReader data: 400377307511'),(2323,'2016-06-26 14:33:21','Incomplete message'),(2325,'2016-06-26 14:55:12','BarcodeReader data: 400377307511'),(2327,'2016-06-26 14:55:12','Incomplete message'),(2329,'2016-06-26 14:55:55','BarcodeReader data: 400377307511'),(2331,'2016-06-26 14:56:01','Incomplete message'),(2333,'2016-06-26 14:56:30','BarcodeReader data: 400377307511'),(2335,'2016-06-26 14:56:30','Incomplete message'),(2337,'2016-06-26 14:57:01','BarcodeReader data: 400377307511'),(2339,'2016-06-26 14:57:02','Incomplete message'),(2341,'2016-06-26 14:59:08','BarcodeReader data: 400377307511'),(2343,'2016-06-26 14:59:13','Incomplete message'),(2345,'2016-06-26 15:00:12','BarcodeReader data: 400377307511'),(2347,'2016-06-26 15:00:14','Incomplete message'),(2349,'2016-06-26 15:00:24','BarcodeReader data: 400377307511'),(2351,'2016-06-26 15:00:33','Incomplete message'),(2353,'2016-06-26 15:00:43','BarcodeReader data: 400377307511'),(2355,'2016-06-26 15:00:51','Incomplete message'),(2357,'2016-06-26 15:01:21','BarcodeReader data: 400377307511'),(2359,'2016-06-26 15:01:23','Incomplete message'),(2361,'2016-06-26 15:01:32','BarcodeReader data: 400377307511'),(2363,'2016-06-26 15:01:38','Incomplete message'),(2365,'2016-06-26 15:01:46','BarcodeReader data: 400377307511'),(2367,'2016-06-26 15:01:46','Incomplete message'),(2369,'2016-06-26 15:01:55','BarcodeReader data: 400377307511'),(2371,'2016-06-26 15:02:07','Incomplete message'),(2373,'2016-06-26 15:25:18','BarcodeReader data: 400377307511'),(2375,'2016-06-26 15:25:20','Incomplete message'),(2377,'2016-06-26 15:25:29','BarcodeReader data: 400377307511'),(2379,'2016-06-26 15:25:37','Incomplete message'),(2381,'2016-06-26 15:28:44','BarcodeReader data: 400377307511'),(2383,'2016-06-26 15:28:46','Incomplete message'),(2385,'2016-06-26 15:28:56','BarcodeReader data: 400377307511'),(2387,'2016-06-26 15:29:04','Incomplete message'),(2389,'2016-06-28 09:38:24','Exception: Failed to fetch relays'),(2390,'2016-10-31 21:42:19','Exception: Failed to fetch relays'),(2391,'2016-11-01 01:09:01','Exception: Failed to fetch relays'),(2392,'2016-11-01 02:45:01','Exception: Failed to fetch relays'),(2393,'2016-11-01 04:06:02','Exception: Failed to fetch relays'),(2394,'2016-11-01 05:09:02','Exception: Failed to fetch relays'),(2395,'2016-11-01 17:18:01','Exception: Failed to fetch relays'),(2396,'2016-11-01 20:03:01','Exception: Failed to fetch relays'),(2397,'2016-11-01 23:33:02','Exception: Failed to fetch relays'),(2398,'2016-11-01 23:54:02','Exception: Failed to fetch relays'),(2399,'2016-11-02 00:27:01','Exception: Failed to fetch relays'),(2400,'2016-11-02 02:21:01','Exception: Failed to fetch relays'),(2401,'2016-11-02 03:36:01','Exception: Failed to fetch relays'),(2402,'2016-11-02 05:21:01','Exception: Failed to fetch relays'),(2403,'2016-11-02 05:31:34','Exception: Failed to fetch relays'),(2404,'2016-11-02 05:51:40','Exception: Failed to fetch relays'),(2405,'2016-11-02 16:24:31','Exception: Failed to fetch relays'),(2406,'2016-11-03 05:56:37','Exception: Failed to fetch relays'),(2407,'2016-11-03 06:02:12','Exception: Failed to fetch relays'),(2408,'2016-11-03 06:04:10','Exception: Failed to fetch relays'),(2409,'2016-11-03 06:04:14','Exception: Failed to fetch relays'),(2410,'2016-11-03 06:06:03','Exception: Failed to fetch relays'),(2411,'2016-11-03 06:06:06','Exception: Failed to fetch relays'),(2412,'2016-11-03 06:40:12','Exception: Failed to fetch relays'),(2413,'2016-11-03 06:54:45','Exception: Failed to fetch relays'),(2414,'2016-11-03 07:28:38','Exception: Failed to fetch relays'),(2415,'2016-11-03 07:29:36','Exception: Failed to fetch relays'),(2416,'2016-11-03 09:24:53','Exception: Failed to fetch relays'),(2417,'2016-11-03 19:12:01','Exception: Failed to fetch relays'),(2418,'2016-11-03 19:12:02','Exception: Failed to fetch relays'),(2419,'2016-11-03 19:51:02','Exception: Failed to fetch relays'),(2420,'2016-11-03 20:15:02','Exception: Failed to fetch relays'),(2421,'2016-11-03 22:30:02','Exception: Failed to fetch relays'),(2422,'2016-11-04 00:42:02','Exception: Failed to fetch relays'),(2423,'2016-11-04 01:03:01','Exception: Failed to fetch relays'),(2424,'2016-11-04 02:21:02','Exception: Failed to fetch relays'),(2425,'2016-11-04 02:21:02','Exception: Failed to fetch relays'),(2426,'2016-11-04 05:00:01','Exception: Failed to fetch relays'),(2427,'2016-11-04 05:32:31','Exception: Failed to fetch relays'),(2428,'2016-11-05 06:18:30','Exception: Failed to fetch relays'),(2429,'2016-11-05 20:00:01','Exception: Failed to fetch relays'),(2430,'2016-11-05 20:45:02','Exception: Failed to fetch relays'),(2431,'2016-11-05 23:48:02','Exception: Failed to fetch relays'),(2432,'2016-11-06 00:06:01','Exception: Failed to fetch relays'),(2433,'2016-11-06 00:18:02','Exception: Failed to fetch relays'),(2434,'2016-11-06 00:24:02','Exception: Failed to fetch relays'),(2435,'2016-11-06 01:09:01','Exception: Failed to fetch relays'),(2436,'2016-11-06 01:33:01','Exception: Failed to fetch relays'),(2437,'2016-11-06 02:33:02','Exception: Failed to fetch relays'),(2438,'2016-11-06 02:45:01','Exception: Failed to fetch relays'),(2439,'2016-11-06 03:06:01','Exception: Failed to fetch relays'),(2440,'2016-11-06 05:24:01','Exception: Failed to fetch relays'),(2441,'2016-11-06 08:52:28','Exception: Failed to fetch relays'),(2442,'2016-11-06 17:18:01','Exception: Failed to fetch relays'),(2443,'2016-11-06 18:21:02','Exception: Failed to fetch relays'),(2444,'2016-11-06 18:57:02','Exception: Failed to fetch relays'),(2445,'2016-11-06 19:45:02','Exception: Failed to fetch relays'),(2446,'2016-11-06 20:15:02','Exception: Failed to fetch relays'),(2447,'2016-11-06 22:33:02','Exception: Failed to fetch relays'),(2448,'2016-11-07 06:16:04','Exception: Failed to fetch relays'),(2449,'2016-11-07 17:21:02','Exception: Failed to fetch relays'),(2450,'2016-11-08 04:57:02','Exception: Failed to fetch relays'),(2451,'2016-11-08 05:46:14','Exception: Failed to fetch relays'),(2452,'2016-11-08 05:57:08','Exception: Failed to fetch relays'),(2453,'2016-11-08 14:31:39','Exception: Failed to fetch relays'),(2454,'2016-11-08 18:33:01','Exception: Failed to fetch relays'),(2455,'2016-11-08 22:48:01','Exception: Failed to fetch relays'),(2456,'2016-11-09 02:27:02','Exception: Failed to fetch relays'),(2457,'2016-11-09 02:36:02','Exception: Failed to fetch relays'),(2458,'2016-11-09 04:21:01','Exception: Failed to fetch relays'),(2459,'2016-11-09 05:33:37','Exception: Failed to fetch relays'),(2460,'2016-11-09 17:12:02','Exception: Failed to fetch relays'),(2461,'2016-11-09 19:48:02','Exception: Failed to fetch relays'),(2462,'2016-11-09 20:15:01','Exception: Failed to fetch relays'),(2463,'2016-11-09 20:30:01','Exception: Failed to fetch relays');
/*!40000 ALTER TABLE `appLog` ENABLE KEYS */;
UNLOCK TABLES;

--
-- Table structure for table `device`
--

DROP TABLE IF EXISTS `device`;
/*!40101 SET @saved_cs_client     = @@character_set_client */;
/*!40101 SET character_set_client = utf8 */;
CREATE TABLE `device` (
  `id` int(11) NOT NULL AUTO_INCREMENT,
  `name` varchar(255) NOT NULL,
  PRIMARY KEY (`id`)
) ENGINE=InnoDB AUTO_INCREMENT=4 DEFAULT CHARSET=utf8;
/*!40101 SET character_set_client = @saved_cs_client */;

--
-- Dumping data for table `device`
--

LOCK TABLES `device` WRITE;
/*!40000 ALTER TABLE `device` DISABLE KEYS */;
INSERT INTO `device` VALUES (1,'LCD2002'),(2,'WIE485'),(3,'QUIDO4');
/*!40000 ALTER TABLE `device` ENABLE KEYS */;
UNLOCK TABLES;

--
-- Table structure for table `group`
--

DROP TABLE IF EXISTS `group`;
/*!40101 SET @saved_cs_client     = @@character_set_client */;
/*!40101 SET character_set_client = utf8 */;
CREATE TABLE `group` (
  `id` int(11) NOT NULL,
  `name` varchar(255) NOT NULL,
  PRIMARY KEY (`id`),
  UNIQUE KEY `id` (`id`)
) ENGINE=InnoDB DEFAULT CHARSET=utf8;
/*!40101 SET character_set_client = @saved_cs_client */;

--
-- Dumping data for table `group`
--

LOCK TABLES `group` WRITE;
/*!40000 ALTER TABLE `group` DISABLE KEYS */;
INSERT INTO `group` VALUES (0,'Neznm'),(1,'teni');
/*!40000 ALTER TABLE `group` ENABLE KEYS */;
UNLOCK TABLES;

--
-- Table structure for table `ipModule`
--

DROP TABLE IF EXISTS `ipModule`;
/*!40101 SET @saved_cs_client     = @@character_set_client */;
/*!40101 SET character_set_client = utf8 */;
CREATE TABLE `ipModule` (
  `id` int(11) NOT NULL AUTO_INCREMENT,
  `name` varchar(255) NOT NULL,
  `ip` varchar(255) NOT NULL,
  PRIMARY KEY (`id`),
  UNIQUE KEY `ip_UNIQUE` (`ip`)
) ENGINE=InnoDB AUTO_INCREMENT=4 DEFAULT CHARSET=utf8;
/*!40101 SET character_set_client = @saved_cs_client */;

--
-- Dumping data for table `ipModule`
--

LOCK TABLES `ipModule` WRITE;
/*!40000 ALTER TABLE `ipModule` DISABLE KEYS */;
INSERT INTO `ipModule` VALUES (1,'Hlavni vchod','10.0.0.141'),(2,'Schody','10.0.0.142'),(3,'Vytah','10.0.0.143');
/*!40000 ALTER TABLE `ipModule` ENABLE KEYS */;
UNLOCK TABLES;

--
-- Table structure for table `ipModule_has_relayModule`
--

DROP TABLE IF EXISTS `ipModule_has_relayModule`;
/*!40101 SET @saved_cs_client     = @@character_set_client */;
/*!40101 SET character_set_client = utf8 */;
CREATE TABLE `ipModule_has_relayModule` (
  `ipModule_id` int(11) NOT NULL,
  `relayModule_id` int(11) NOT NULL,
  KEY `ipModule_id` (`ipModule_id`,`relayModule_id`)
) ENGINE=InnoDB DEFAULT CHARSET=utf8;
/*!40101 SET character_set_client = @saved_cs_client */;

--
-- Dumping data for table `ipModule_has_relayModule`
--

LOCK TABLES `ipModule_has_relayModule` WRITE;
/*!40000 ALTER TABLE `ipModule_has_relayModule` DISABLE KEYS */;
INSERT INTO `ipModule_has_relayModule` VALUES (1,1),(2,4),(3,3);
/*!40000 ALTER TABLE `ipModule_has_relayModule` ENABLE KEYS */;
UNLOCK TABLES;

--
-- Table structure for table `lcdModule`
--

DROP TABLE IF EXISTS `lcdModule`;
/*!40101 SET @saved_cs_client     = @@character_set_client */;
/*!40101 SET character_set_client = utf8 */;
CREATE TABLE `lcdModule` (
  `id` int(11) NOT NULL AUTO_INCREMENT,
  `name` varchar(255) CHARACTER SET utf8 COLLATE utf8_bin NOT NULL,
  `ipModule_id` int(11) NOT NULL,
  `address` varchar(25) CHARACTER SET utf8 COLLATE utf8_bin NOT NULL,
  PRIMARY KEY (`id`),
  KEY `ipModule_id` (`ipModule_id`)
) ENGINE=InnoDB AUTO_INCREMENT=6 DEFAULT CHARSET=utf8;
/*!40101 SET character_set_client = @saved_cs_client */;

--
-- Dumping data for table `lcdModule`
--

LOCK TABLES `lcdModule` WRITE;
/*!40000 ALTER TABLE `lcdModule` DISABLE KEYS */;
INSERT INTO `lcdModule` VALUES (1,'Display 2002',1,'78'),(3,'Display 2002',2,'79'),(5,'Display 2002',3,'7a');
/*!40000 ALTER TABLE `lcdModule` ENABLE KEYS */;
UNLOCK TABLES;

--
-- Table structure for table `relay`
--

DROP TABLE IF EXISTS `relay`;
/*!40101 SET @saved_cs_client     = @@character_set_client */;
/*!40101 SET character_set_client = utf8 */;
CREATE TABLE `relay` (
  `id` int(11) NOT NULL AUTO_INCREMENT,
  `relayModule_id` int(11) NOT NULL,
  `address` varchar(45) NOT NULL,
  `time` varchar(2) NOT NULL,
  `name` varchar(255) NOT NULL,
  PRIMARY KEY (`id`),
  KEY `fk_relay_relayModule1_idx` (`relayModule_id`),
  CONSTRAINT `fk_relay_relayModule1` FOREIGN KEY (`relayModule_id`) REFERENCES `relayModule` (`id`) ON DELETE NO ACTION ON UPDATE NO ACTION
) ENGINE=InnoDB AUTO_INCREMENT=30 DEFAULT CHARSET=utf8;
/*!40101 SET character_set_client = @saved_cs_client */;

--
-- Dumping data for table `relay`
--

LOCK TABLES `relay` WRITE;
/*!40000 ALTER TABLE `relay` DISABLE KEYS */;
INSERT INTO `relay` VALUES (1,1,'81','06','Pstup povolen zmna barvy'),(2,1,'82','06','Pstup zamtnut blikn'),(3,1,'83','06','Status DEN NOC'),(5,1,'84','01','Zmek'),(7,3,'81','08','Ovldn tlatek v nule pstup povolen'),(9,3,'82','08','Ovldn Tlatek v nule pstup povolen'),(11,3,'83','08','Ovldn tlatek v nule pstup povolen'),(13,3,'84','06','pristup zamitnut blikani'),(15,3,'85','03','Pstup povolen privolani vytahu'),(17,3,'86','08','Trojka povolen tlatek v nule'),(19,3,'87','0a','Pstup povolen zmna barvy'),(21,3,'88','08','Vsechny patra'),(23,4,'81','14','Pstup povolen zmna barvy'),(25,4,'82','06','Pstup zamtnut blikn'),(27,4,'83','0a','Volne'),(29,4,'84','14','Zmek');
/*!40000 ALTER TABLE `relay` ENABLE KEYS */;
UNLOCK TABLES;

--
-- Table structure for table `relayModule`
--

DROP TABLE IF EXISTS `relayModule`;
/*!40101 SET @saved_cs_client     = @@character_set_client */;
/*!40101 SET character_set_client = utf8 */;
CREATE TABLE `relayModule` (
  `id` int(11) NOT NULL AUTO_INCREMENT,
  `address` varchar(45) NOT NULL,
  `name` varchar(255) NOT NULL,
  PRIMARY KEY (`id`)
) ENGINE=InnoDB AUTO_INCREMENT=5 DEFAULT CHARSET=utf8;
/*!40101 SET character_set_client = @saved_cs_client */;

--
-- Dumping data for table `relayModule`
--

LOCK TABLES `relayModule` WRITE;
/*!40000 ALTER TABLE `relayModule` DISABLE KEYS */;
INSERT INTO `relayModule` VALUES (1,'8c','Quido4 - Test'),(3,'8e','Quido 8'),(4,'8d','Quido 4 - Schody');
/*!40000 ALTER TABLE `relayModule` ENABLE KEYS */;
UNLOCK TABLES;

--
-- Table structure for table `relay_has_group`
--

DROP TABLE IF EXISTS `relay_has_group`;
/*!40101 SET @saved_cs_client     = @@character_set_client */;
/*!40101 SET character_set_client = utf8 */;
CREATE TABLE `relay_has_group` (
  `relay_id` int(11) NOT NULL,
  `group_id` int(11) NOT NULL,
  PRIMARY KEY (`relay_id`,`group_id`),
  KEY `fk_relay_has_group_group1_idx` (`group_id`),
  KEY `fk_relay_has_group_relay1_idx` (`relay_id`),
  CONSTRAINT `fk_relay_has_group_group1` FOREIGN KEY (`group_id`) REFERENCES `group` (`id`) ON DELETE NO ACTION ON UPDATE NO ACTION,
  CONSTRAINT `fk_relay_has_group_relay1` FOREIGN KEY (`relay_id`) REFERENCES `relay` (`id`) ON DELETE NO ACTION ON UPDATE NO ACTION
) ENGINE=InnoDB DEFAULT CHARSET=utf8;
/*!40101 SET character_set_client = @saved_cs_client */;

--
-- Dumping data for table `relay_has_group`
--

LOCK TABLES `relay_has_group` WRITE;
/*!40000 ALTER TABLE `relay_has_group` DISABLE KEYS */;
INSERT INTO `relay_has_group` VALUES (2,0),(25,0),(1,1),(5,1),(7,1),(9,1),(11,1),(15,1),(17,1),(19,1),(21,1),(23,1),(29,1);
/*!40000 ALTER TABLE `relay_has_group` ENABLE KEYS */;
UNLOCK TABLES;

--
-- Table structure for table `tabloStatus`
--

DROP TABLE IF EXISTS `tabloStatus`;
/*!40101 SET @saved_cs_client     = @@character_set_client */;
/*!40101 SET character_set_client = utf8 */;
CREATE TABLE `tabloStatus` (
  `id` int(11) NOT NULL AUTO_INCREMENT,
  `status` tinyint(4) NOT NULL,
  PRIMARY KEY (`id`)
) ENGINE=InnoDB AUTO_INCREMENT=2 DEFAULT CHARSET=latin1;
/*!40101 SET character_set_client = @saved_cs_client */;

--
-- Dumping data for table `tabloStatus`
--

LOCK TABLES `tabloStatus` WRITE;
/*!40000 ALTER TABLE `tabloStatus` DISABLE KEYS */;
INSERT INTO `tabloStatus` VALUES (1,1);
/*!40000 ALTER TABLE `tabloStatus` ENABLE KEYS */;
UNLOCK TABLES;

--
-- Table structure for table `users`
--

DROP TABLE IF EXISTS `users`;
/*!40101 SET @saved_cs_client     = @@character_set_client */;
/*!40101 SET character_set_client = utf8 */;
CREATE TABLE `users` (
  `id` int(11) NOT NULL AUTO_INCREMENT,
  `username` varchar(255) NOT NULL,
  `password` varchar(255) NOT NULL,
  `role` int(11) NOT NULL DEFAULT '0',
  PRIMARY KEY (`id`)
) ENGINE=InnoDB AUTO_INCREMENT=2 DEFAULT CHARSET=latin1;
/*!40101 SET character_set_client = @saved_cs_client */;

--
-- Dumping data for table `users`
--

LOCK TABLES `users` WRITE;
/*!40000 ALTER TABLE `users` DISABLE KEYS */;
INSERT INTO `users` VALUES (1,'admin','$2y$10$PrwIno31c1eKrvL.qb8AkO1q1SHZdH4W3VglqGzRObvGe9yu5pALi',0);
/*!40000 ALTER TABLE `users` ENABLE KEYS */;
UNLOCK TABLES;
/*!40103 SET TIME_ZONE=@OLD_TIME_ZONE */;

/*!40101 SET SQL_MODE=@OLD_SQL_MODE */;
/*!40014 SET FOREIGN_KEY_CHECKS=@OLD_FOREIGN_KEY_CHECKS */;
/*!40014 SET UNIQUE_CHECKS=@OLD_UNIQUE_CHECKS */;
/*!40101 SET CHARACTER_SET_CLIENT=@OLD_CHARACTER_SET_CLIENT */;
/*!40101 SET CHARACTER_SET_RESULTS=@OLD_CHARACTER_SET_RESULTS */;
/*!40101 SET COLLATION_CONNECTION=@OLD_COLLATION_CONNECTION */;
/*!40111 SET SQL_NOTES=@OLD_SQL_NOTES */;

-- Dump completed on 2016-11-09 21:44:16
